id,question,Answers
0,你可唔可以俾個有關潮樂園 (北角)嘅解釋我？佢係間潮州菜嚟。,"主廚來自台灣，曾供職于多個大樓內服務部門，在多年經驗中深得顧客讚賞；他以優雅、舒適及時尚為其招牌手法：如使用海鮮製成的小魚餃和小麵包等配搭湯底或醬汁烹調而成的新食譜;亦有選擇傳統粵式小吃作點心套餐,例如由糯米粉制成的手工糕餅與燒味品類等等."
1,你可唔可以俾個有關Andō嘅解釋我？佢係間創新菜嚟。,位於大廈頂樓的大廳內設了四個座位的小酒館，在這裡可以欣賞到海景及俯瞰整個城區景色；而當晚還供應各種美食選擇、美嘗小食等服務。「Ando」是由前「新鮮魚市場」店長兼厨师擔任總監的新品牌，其招牌菜品包括炸雞配香茅醬汁以及豬肉焗蝦球等等。
2,你可唔可以俾個有關Racines嘅解釋我？佢係間法國菜嚟。,位於中环外圍的一處老建築內，在此用餐既舒適又充滿歷史風味；而當中的每一道菜品都透露著來自巴黎的手藝細節：從手工製作到擺盤設計皆由專業手艺人完成……令人難忘！
3,你可唔可以俾個有關Sushi Wadatsumi嘅解釋我？佢係間壽司嚟。,位於港鐵西環站旁的小巷中，在此可欣賞到維多利亞街景點與各式各樣的日式小店：從傳統日籍店主設立的老店至新鮮創辦者經營之小食摊位不一而足;亦有供應各種美食的大賣場面。除了招牌菜單中的寿司外，還有許多其他特色小吃可供選擇。「佐」是其中最為重要的概念之一──即使用自家磨制的手工麵包配搭不同口味的地元醃肉或蔬菜等食材烹調而成的食物。
4,你可唔可以俾個有關L'Atelier de Joël Robuchon嘅解釋我？佢係間法國菜嚟。,位於維港邊緣的小巷里，在繁忙街道旁面臨著綠樹掩映的大草坪；用餐環境舒適宜人且氣氛輕鬆自在！店家選用了當地優質原料製作美食：由自家養殖牛隻制成的手切牛肉是招牌之一; 餐廳亦出售各種手作糕點以及精緻咖啡...
5,你可唔可以俾個有關浙江軒嘅解釋我？佢係間浙江菜嚟。,浙商家族開設，以傳統烹調手法及優質食材為主張；選料精緻、味道濃郁且價格合理，在家鄉味十足的地標之一！除了招牌點心「大蝦羹」外，還有各式各樣的小吃和小食套餐等選擇：如蟹粉蒸扇贝配鮮蘑菇汁或清炒海螺絲等等均值得一試!
6,你可唔可以俾個有關悅嘅解釋我？佢係間粵菜嚟。,"位於老街巷口的小店，在午市時間內人聲鼎沸；晚上則客滿為患！店主兼厨师陳志明自幼習學炒麵技術後便開設了第一家分店，并一直堅持以手工製作面食。「我們不只賣食材」的理念貫穿整體經營：從進貨開始就由自家農場直接運送到廠區加工生產，並根據客戶要求進行調整配方或改刀切配處理方式……每一道工序都經過嚴謬把關才下線成品。此外還有各式各樣的手工甜品與茶飲可供选择。
Restaurant 3: 門前記 (尖沙咀) // Description: 廚外牆上的畫作「風景圖」展示了港島美景──海天相接的地方令人神往不已;門窗旁邊掛著多幅來自日本的老照片——這些都是當代藝術家中留下的珍藏之作!餐室設計簡約而不失格调，木制家具搭配深色地板以及高檔布艺沙发，透露着優雅氣派。主打日籍師傅料理風格，其中不乏創意十足的新嘗佳餚。"
7,你可唔可以俾個有關廚魔名人坊嘅解釋我？佢係間粵菜嚟。,位於大廈二樓的大廳空間充滿華麗氣派，在此可欣賞到經典中式裝潢所帶來之風情：精緻細膶的地燈配搭燉湯爐架出濃郁煙霧;牆壁掛著多幅中國畫作或古籍插圖……令人油然而生懷舊之情！主厨曾從世界各地搜羅當代美食供應本地客人享用──包括日本料理以及來自台灣的新品小吃等等。
8,你可唔可以俾個有關麥文記嘅解釋我？佢係間麵食嚟。,位於維港旁邊的小巷中，在這裡可以一睹餐館內部設計之美——牆上的畫作與燈飾都充滿藝術感; 而用餐環境也十分優雅敞亮。主廚以本地食材烹調各式點心並加入時令配料，例如由當地農民採購的新穎肉類別如雞蛋花或海膽粉等等，并搭配傳統法式做法制成的手藝小食品供應選項甚豐盛。「大鍋」套餐包含五道菜品──包括烤羊腿及其伴隨蔬菜沙律以及燉燒蟹蓋……每一道都是經典配方重新詮釋後的作品!
9,你可唔可以俾個有關紅磡雞蛋仔嘅解釋我？佢係間街頭小吃嚟。,"店名取義為「兩姐妹」（指店主和其妻），意謂小店以服務雙胞胎女主人著稱；店内裝潢則採用了藍色調飾木製桌椅以及綠葉布藝圍繞四周，在柔和舒適中帶點懷舊氣息。

这家小菜館主要供應本地特色美食：炸魚薯條與燒烤三黃牛腩都是不容錯過的选择！此外還有各式各樣的小吃，例如炒麵類別繁複且各有風格──有時令蔬菜燉湯配上豬肉或牛肉粉底料烹煮而成的新鮮米飯等等……值得一試的地方是廚師室內設計精緻優雅，并附置大量歷史資料展示品項——其中包含一張由日本傳奇畫师手繪的手稿圖案展覽會場照片!"
10,你可唔可以俾個有關Heimat嘅解釋我？佢係間德國菜嚟。,"餐室設計簡約，以白色大理石為主調色板，在明亮光線下呈現出優雅舒適之感；餐桌則採用了实木製成的小方桌和高腳椅等裝飾品，增添空間質素與溫暖氣息。

用餐環境也十分出色：牆上的畫作、燈具以及餐具都透露著歐陸風情; 餐廳內設有多個吧檯供客人休息或小酌自飲時使用..."
11,你可唔可以俾個有關阿純山東餃子嘅解釋我？佢係間餃子嚟。,位於維港旁邊的小巷里，在這裡可以一睹阿纯麵食師團隊的工作過程：他們從早上八點起就開始工作了；每到中午時分才將面團烤好送入廚房進行加工處理後才能出爐上桌; 而餐室則以木制家具裝飾、燈光柔和而舒適……令人印象深刻！
12,你可唔可以俾個有關好湯好麵 (大圍)嘅解釋我？佢係間麵食嚟。,"位於中環高級酒店旁的小巷里，招牌菜是由祖母傳承的手藝──炸鴨飯；除了供應多款不同口味的大鍋餚之外, 補貼各式各樣小點心也十分豐富."
13,你可唔可以俾個有關國金軒 (尖沙咀)嘅解釋我？佢係間粵菜嚟。,"由老闐家經營逾三十年，在店長帶領下不斷推陳出新的同時保持原班人的味道；其後代亦加入更多本地及海外名厨的新鲜元素, 如日本料理專家佐藤秀明先生所設計並製作的手工麵包配芝士！此外還有各式各樣的小吃選擇：炸魚燉蝨湯配上海鹽醋醬或清蒸河粉都是不容錯過之處; 裝潢簡約而舒適，配合優雅服務令人感到欣賞不已."
14,你可唔可以俾個有關全記海鮮 (海傍街)嘅解釋我？佢係間海鮮嚟。,"位於港島老舊商場旁的新店「全記」將保留原有的設計風格及服務理念，在保持原汁原味的前提下融入現代元素：牆上的畫作由日本藝術家創作，配搭精緻細膩的地板布質品嘗覺舒適自在;玻璃隔斷讓室內環境更加明亮通透, 餐廳採用水晶吊燈照明,..."
15,你可唔可以俾個有關添好運 (深水埗)嘅解釋我？佢係間點心嚟。,以傳統粵嘗為主調味料配搭的新鮮食材烹煮而成的小食及小吃，在店中琳瑯满目：如由本地名厨創立的手工燒烤雞；亦包括各式炸魚薯条等經典美食; 而當中的醬焗豬肚則是餐單上的重頭戲之一！
16,你可唔可以俾個有關Épure嘅解釋我？佢係間法國菜嚟。,位於維港邊緣的小巷中，門面簡約而雅致；牆上的畫作則是來自日本及美國藝術家的作品：《夜市》展示的是當地人從早到晚攪拌煎炸食物的情景;另一幅作品叫「午膳」展示了早餐服務員們忙碌的身影……除了品嘗地道的日料佳餚外，亦推薦試一下招牌湯底——黑松露雞尾酒焗蝦球配搭芥末醬或香茅汁！
17,你可唔可以俾個有關Ăn Chơi嘅解釋我？佢係間越南菜嚟。,位於老闆家屬辦公室附近，在這裡可以享用到經典傳統美食：大鍋燒魚及招牌炒飯；而午市則有各式各樣的小吃可供选择。除了點心類菜品之外，餐飲服務亦十分周到了！
18,你可唔可以俾個有關德記嘅解釋我？佢係間潮州菜嚟。,"德记是繼大廚陳家達後，第二個由其家族接班的新店；而主理人則為第三代傳承者、現年47歲的老闆張志明先生所擔任，在他身上可以看到父親和祖父留下的傳統風味與創新元素：以海鮮烹調手法及新式配料配搭各式湯品或點心，並採用水煮法處理食材更添滋潤感。
除了招牌美食「魚香肉丝」外，還有多款時令小食供應選擇。「雞尾酒拼盤」「清炒蝦球」等亦值得一試！"
19,你可唔可以俾個有關石記廚房嘅解釋我？佢係間粵菜嚟。,石記自開業以來一直深受客人歡迎，在其後更添了不少新的元素：除了繼續推出各式各樣的新菜品及酒水配搭之外，還新增了「海味」、「魚類」「牛扒/豬肋排'三種服務項目，并且每週更新一次。「海貨」選取來自世界各地的大米及其衍生產品以及本地農場產出的小麥制品; 「鱼肉」包括由澳洲直送到店的日本河豚及其他優質淡水鱼类，並附上詳細介紹書籍或照片作引導; 裕華裝潢加上精巧細膶的手藝製作過程令人印象深刻……相信會令您回味難忘！
20,你可唔可以俾個有關波記嘅解釋我？佢係間燒味嚟。,位於老闆祖母生前所址，在舊時代曾是她工作的地方。「波」字取義「光明正大」「無敵无敌'之意．廚師團隊來自世界各地：日本主理煎燜及烤肉料理;美國則有經驗豐富的手工烧鍋师傅供應各式各樣的小吃選項！除了點心外還有各種酒品可供選擇，不妨先從酒吧一探究竟吧!
21,你可唔可以俾個有關美味廚嘅解釋我？佢係間粵菜嚟。,位於維港邊緣的小巷里，在這裡可以一睹經典美食的魅力：由老闆兼厨师何先生親手操作的手工小炒牛腩是必吃的一道開胃小吃；而其後方的大廳更設有多款時尚裝飾品供應選擇——從古董到現代藝術作品不勝枚舉！除了點心外，餐飲區也備置多樣化的配搭選項──包括清湯燒魚類以及各式各样的醬汁料理等等……
22,你可唔可以俾個有關Yardbird嘅解釋我？佢係間雞肉串燒嚟。,"以傳統法國菜為招牌的小店，在街頭小巷裏經營多年；其後遷至現址時改名稱为「Yard Bird」（意即鳥屋），取義于店主對家禽的喜爱和關心。「yard bird'一詞來自美國鄉村語句：""我們是從這裡來的！"", 表示客人能透過門外瞭望窗看到窗外景致及商店內擺設的食物與服務人員們的笑容、體貼等等。"
23,你可唔可以俾個有關文華廳嘅解釋我？佢係間粵菜嚟。,位於維港邊緣的小巷里，在繁忙街道旁逸斜 out 的裝潢風格與窗外碧波瀨湧的大灣區相映成趣；而廚師團隊則由來自世界各地的专业人士組合成隊伍，他們將各地美食精粹融入本地元素之中，并嘗試創新手法烹調新菜品。「文华」牌麵條源自日本大阪府長野縣，口感彈牙爽口又帶有嚼勁！主料選擇豐富多樣，其中芝士焗牛腩更是不容錯過的一道佳餚——牛肉細膩入味，外焦裡軟的味道恰到了好處……
24,你可唔可以俾個有關祥興記 (尖沙咀)嘅解釋我？佢係間街頭小吃嚟。,"位於維港邊緣的小巷中，在繁忙街道旁面臨海景時尚地標「大廈房」卻仍能保持清雅氣派；廚師團隊由來自日本及美國等國的大厨組成, 餐廳以日式風格裝潢設計出眾：木質地板配上精緻屏风隔離室內環境与外觀之間差異; 橱窗下擺放著各式各樣的日籍美食圖案..."
25,你可唔可以俾個有關陸羽茶室嘅解釋我？佢係間粵菜嚟。,位於維港邊緣、海景如畫；餐館內設有多個酒吧區，在午市時間開放酒窖享用美飲佳肴是必�！除了各式各樣的小吃外更推薦由店家自行製作的手工小麵包與清湯燉飯等美食選擇。
26,你可唔可以俾個有關佳佳甜品嘅解釋我？佢係間街頭小吃嚟。,店名取義「兩姐妹」之意，在此同時亦有寓意著家族團圓的美好祝福；店内裝潢簡約而優雅，加上各式各樣的小巧精緻點綴飾件與牆上的畫作相得益彰，令人感到舒適自在。「花式炸雞」是其特色之一：先將整隻豬肋排放入烤盤中並淋上醬汁后置入熱鍋內煎煮五分鐘即熟，再加入芝士等配料即可享用！
27,你可唔可以俾個有關劉森記麵家 (福榮街)嘅解釋我？佢係間麵食嚟。,"位於老闆祖母開設以來至今已近三十年的地方, 装修風格與屋內設計相得益彰. 為一時之產物而欣賞不已！廚師團隊由四名經驗豐富的老饕組合成員（其中兩位曾從日本學到精湛烹調技巧），他們將世界各地各地的新鲜食材融入本地風土文化中，并採用水力蒸烤方式處理每道工序後的作品才稱為「佳作」．"
28,你可唔可以俾個有關香宮嘅解釋我？佢係間粵菜嚟。,位於維港邊緣，在外頭就已成為食評界的新寵兒；除了招牌魚子美鴨套餐之外，還推出各種不同口味的手工麵包配點心以及由本地名厨製作的日籍主理人料理專輯──「日本風」系列美食：日料手切牛扒配上濃郁醃酒佐之牛肉饭或烤乳猪與黑胡椒拌合而成的独特酱燒三黃鸡等等均值得品嘗！
29,你可唔可以俾個有關Tate嘅解釋我？佢係間創新菜嚟。,位於維港邊緣的小巷里，在這裡用餐既舒適又自在；而當中的美食則令人回味難忘！除了招牌牛扒外，還有許多其他優質佳肴可供選購：如由當地名厨製作的新款烤鴨肉等均值得期待; 裝潢簡約但不失格调，讓客人盡享家鄉風味與精湛手艺之交融……
30,你可唔可以俾個有關萬豪金殿嘅解釋我？佢係間粵菜嚟。,位於中環歷史名街旺角內的一個小巷子裡，在此用餐既舒適又自在；餐室裝潢簡約而雅致，木制桌椅配搭精緻細工的小品畫案更增添文藝風情：牆上的書籍展現著不同年代的文化傳承與創新融合……讓人感到身處一出世已千年之久的老闆店舖之中！
31,你可唔可以俾個有關Twist & Buckle (Tsim Sha Tsui)嘅解釋我？佢係間街頭小吃嚟。,位於維港邊緣的小巷里，在這裡可以一睹菜單上的各式美食：如由鮮蝦和海膽熬煮而成的新嘗湯品；還有來自台灣各地的手工糕點與燒味佳選──例如炸雲吞花膠餅或燉豆漬黃瓜條等等！
32,你可唔可以俾個有關鼎泰豐 (銅鑼灣)嘅解釋我？佢係間滬菜嚟。,位於港島上環區的一處老建築中，在此用餐既可欣賞維港美景、又可以品嘗地道的小食佳肴；若想更深入體驗歷史風情則不妨前往附近的大學旁邊走一遭！招牌小吃「大蝦球」是必試之一：將新鲜海膽切開後放入沸水中煮熟，再加入濃稠醬油和糯米粉拌勻后即成。「蟹黃蛋花粥'亦值得一试──先煎製好的鯤魚肉包裹著彈牙雞胸塊與嫩滑豬肝等配料而成，味道十足且滋味悠長……
33,你可唔可以俾個有關利苑酒家 (灣仔)嘅解釋我？佢係間粵菜嚟。,位於老街巷口處的小店，在繁忙街道旁邊設有小門戶以避風雨；招牌上的字條則透露出店主對傳統小吃的喜爱：「我們從祖母手中傳承下來的手工麵包」、「手撕雞腿酥脆香甜又美味！」此外還有各式烤乳豬配醬汁以及多種清炒蔬菜等等。
34,你可唔可以俾個有關壹玖捌叁嘅解釋我？佢係間中國菜嚟。,壹九八三是上海老店，招牌菜品「小笼包」至今仍供應不絕；而主廚則以傳統中式烹調手法和創新技巧，在食材上不斷探索新意，并嘗試將其融入現代食譜中：如使用海鮮、蔬菜等當季時令物質配搭不同口味的小吃或湯品……此外還有各式各樣的新式點心及小吃選項。「大蝦飯」「清炒蟹腿羹」、「紅燒雞蛋花粥」都是不容錯過之處！
35,你可唔可以俾個有關竹家嘅解釋我？佢係間日本菜嚟。,位於維港邊緣、海景如畫；用餐環境舒適且氣氛輕鬆自在！除了傳統日籍厨师團隊提供的招牌菜品外，在選項方面也相當豐盛，例如將鴨肉切片后裝進小碗中的「雞翅」及各式烤魚等均值得一試。「花園之味」是點心區的一道特色小吃──香煎蝦球配上濃郁醬汁與脆皮生抽搭配得恰到好至，令人回味難忘!
36,你可唔可以俾個有關Noi by Paulo Airaudo嘅解釋我？佢係間意大利菜嚟。,位於老街巷道之中，在繁忙街道旁邊的小門前開業至今已逾三十年之久！主理人Paulo Ariaudó親切地接待客人，并為他們服務到盡善尽美：從準備餐飲品項開始至上籠入座後的一系列禮物裝飾都十分到位且貼心周全!此外還有各式各样的甜点選取經典配方與創新融合的新鮮嘗識之作——如芝士蛋糕配奶油奶酪以及蛋黃酥……
37,你可唔可以俾個有關港灣壹號嘅解釋我？佢係間粵菜嚟。,位於老街巷中的港湾壹号是繼前店后門之後又一家融合傳統與現代元素的新嘗體驗空間，在保留原有設計風格的前提下引入更多創新概念：牆身裝飾著由日本设计师創作的手工繡花和燈籠配搭木製桌椅組成的文化藝術品室及酒吧則採用水晶吊灯照明……令人耳目一新的感受不勝枚舉！
38,你可唔可以俾個有關坤記煲仔小菜 (皇后大道西)嘅解釋我？佢係間粵菜嚟。,"位於皇姑屯區中心位置，在此可欣賞到多個大廂式的酒吧與夜店；而當中的「海報」則是專門展示本地飲食文化的展覽館。「鴻福堂'由著名中式糕点师傅陳士良創立, 其招牌產品糯米糍深受歡迎;此外還有各式各樣的小吃等級裝飾精美且味道濃郁的食物可供選擇."
39,你可唔可以俾個有關海德花園嘅解釋我？佢係間海鮮嚟。,位於大廈頂樓，在這裡可以俯瞰整個港島美景；而當中亦有幾道名貴佳餚：龍眼焗雞肉香濃且味道十足！此外還有各式各樣的新嘗美食可供选择，例如烤豬肋排配黑胡椒汁等。
