question,answer
我想去中環食拉麵，可以去邊食？,你可以去麵鮮醬油房周月。
我想去中環食創新菜，可以去邊食？,你可以去Arbor、旅、Andō、廚魔、Vea、永。
我想去中環食天婦羅，可以去邊食？,你可以去廣尾內津、一宝。
我想去中環食韓國菜，可以去邊食？,你可以去Hansik Goo。
我想去中環食時尚歐陸菜，可以去邊食？,你可以去Arcane、文華扒房+酒吧、Cornerstone、Neighborhood、Whey。
我想去中環食時尚法國菜，可以去邊食？,你可以去Amber、L'Atelier de Joël Robuchon、Zest by Konishi、Cristal Room by Anne-Sophie Pic、Ami、Clarence、Plaisance by Mauro Colagreco、Feuille、Caprice、Louise、Belon。
我想去中環食印度菜，可以去邊食？,你可以去New Punjab Club、Prince and the Peacock。
我想去中環食麵食，可以去邊食？,你可以去沾仔記、九記。
我想去中環食雞肉串燒，可以去邊食？,你可以去酉玉。
我想去中環食越南菜，可以去邊食？,你可以去Sếp。
我想去中環食拉丁美洲菜，可以去邊食？,你可以去Mono。
我想去中環食壽司，可以去邊食？,你可以去志魂、鮨．齋藤。
我想去中環食法國菜，可以去邊食？,你可以去La Brasserie。
我想去中環食滬菜，可以去邊食？,你可以去嘗申滙。
我想去中環食德國菜，可以去邊食？,你可以去Heimat。
我想去中環食美國意大利菜，可以去邊食？,你可以去Carbone。
我想去中環食粥麵，可以去邊食？,你可以去正斗粥麵專家。
我想去中環食扒房，可以去邊食？,你可以去Beefbar。
我想去中環食時尚意大利菜，可以去邊食？,你可以去Noi by Paulo Airaudo。
我想去中環食餃子，可以去邊食？,你可以去王府。
我想去中環食日本菜，可以去邊食？,你可以去割烹凜、Ryota Kappou Modern、長本、Godenya。
我想去中環食意大利菜，可以去邊食？,你可以去Octavium、Testina、8 1/2 Otto e Mezzo - Bombana、Estro。
我想去中環食粵菜，可以去邊食？,你可以去陸羽茶室、廚魔名人坊、營致會館、文華廳、唐人館、星記、都爹利會館、大班樓、口利福、龍景軒。
我想去中環食燒味，可以去邊食？,你可以去一樂燒鵝。
我想去上環食雞肉串燒，可以去邊食？,你可以去Yardbird。
我想去上環食越南菜，可以去邊食？,你可以去Mâm Amis、Ăn Chơi。
我想去上環食泰國菜，可以去邊食？,你可以去泰館。
我想去上環食日本菜，可以去邊食？,你可以去瑞兆。
我想去上環食創新菜，可以去邊食？,你可以去Tate、摩。
我想去上環食時尚法國菜，可以去邊食？,你可以去Racines。
我想去上環食川菜，可以去邊食？,你可以去井巷子。
我想去灣仔食越南菜，可以去邊食？,你可以去Brass Spoon。
我想去灣仔食泰國菜，可以去邊食？,你可以去泰麵。
我想去灣仔食馬來西亞菜，可以去邊食？,你可以去莎巴。
我想去灣仔食意大利菜，可以去邊食？,你可以去Giando、Trattoria Felino。
我想去灣仔食時尚歐陸菜，可以去邊食？,你可以去Auor。
我想去灣仔食寧波菜，可以去邊食？,你可以去甬府。
我想去灣仔食時尚法國菜，可以去邊食？,你可以去L'Envol。
我想去灣仔食滬菜，可以去邊食？,你可以去留園雅敘、蘇浙滙。
我想去灣仔食粵菜，可以去邊食？,你可以去家全七福、潤、金紫荊生記、船記、生記飯店、利苑酒家、美味廚、港灣壹號、福臨門。
我想去灣仔食粥麵，可以去邊食？,你可以去靠得住。
我想去灣仔食浙江菜，可以去邊食？,你可以去浙江軒。
我想去灣仔食歐陸菜，可以去邊食？,你可以去Cafe Bau。
我想去灣仔食燒味，可以去邊食？,你可以去甘牌燒鵝。
我想去灣仔食街頭小吃，可以去邊食？,你可以去品味、強記美食。
我想去灣仔食台州菜，可以去邊食？,你可以去新榮記。
我想去西營盤食麵食，可以去邊食？,你可以去英記麵家。
我想去西營盤食街頭小吃，可以去邊食？,你可以去生記滷味。
我想去西營盤食意大利菜，可以去邊食？,你可以去Lucale。
我想去西營盤食粵菜，可以去邊食？,你可以去坤記煲仔小菜。
我想去西營盤食新疆菜，可以去邊食？,你可以去巴依。
我想去其他食麵食，可以去邊食？,你可以去坤記竹昇麵。
我想去其他食台灣菜，可以去邊食？,你可以去台蔡滷肉飯。
我想去其他食海鮮，可以去邊食？,你可以去海德花園。
我想去其他食創新菜，可以去邊食？,你可以去Mosu。
我想去其他食時尚中國菜，可以去邊食？,你可以去壹玖捌叁。
我想去其他食意大利菜，可以去邊食？,你可以去Little Napoli。
我想去其他食法國菜，可以去邊食？,你可以去珀翠。
我想去其他食粵菜，可以去邊食？,你可以去萬豪金殿、夏宮、彭慶記、天外天、香宮、裕記。
我想去其他食扒房，可以去邊食？,你可以去The Steak House。
我想去其他食點心，可以去邊食？,你可以去Lulu Baobao。
我想去尖沙咀食順德菜，可以去邊食？,你可以去彤福軒。
我想去尖沙咀食海鮮，可以去邊食？,你可以去避風塘興記。
我想去尖沙咀食壽司，可以去邊食？,你可以去Sushi Wadatsumi。
我想去尖沙咀食瑞士菜，可以去邊食？,你可以去瑞樵閣、瑞士餐廳。
我想去尖沙咀食意大利菜，可以去邊食？,你可以去Tuber Umberto Bombana、Tosca di Angelo。
我想去尖沙咀食法國菜，可以去邊食？,你可以去吉地士。
我想去尖沙咀食時尚法國菜，可以去邊食？,你可以去Épure。
我想去尖沙咀食粵菜，可以去邊食？,你可以去御寶軒、天龍軒、天寶閣、麗晶軒、嘉麟樓、唐閣、新同樂、翠亨邨、國金軒、富豪。
我想去尖沙咀食滬菜，可以去邊食？,你可以去夜上海、鼎泰豐。
我想去尖沙咀食印度菜，可以去邊食？,你可以去Chaat。
我想去尖沙咀食扒房，可以去邊食？,你可以去Carna by Dario Cecchini。
我想去尖沙咀食街頭小吃，可以去邊食？,你可以去祥興記、第三代肥仔、Twist & Buckle、Owl's。
我想去西環食燒味，可以去邊食？,你可以去波記。
我想去西環食湘菜，可以去邊食？,你可以去書湘門第。
我想去西環食台灣菜，可以去邊食？,你可以去阿元來了。
我想去西環食潮州菜，可以去邊食？,你可以去德記。
我想去銅鑼灣食意大利菜，可以去邊食？,你可以去Involtini。
我想去銅鑼灣食時尚歐陸菜，可以去邊食？,你可以去Roganic。
我想去銅鑼灣食粥麵，可以去邊食？,你可以去何洪記。
我想去銅鑼灣食印度菜，可以去邊食？,你可以去Leela。
我想去銅鑼灣食粵菜，可以去邊食？,你可以去太湖海鮮城、富臨飯店、悅、農圃、蛇王熙。
我想去銅鑼灣食滬菜，可以去邊食？,你可以去鼎泰豐。
我想去銅鑼灣食閩菜，可以去邊食？,你可以去莆田。
我想去銅鑼灣食街頭小吃，可以去邊食？,你可以去時代豆業。
我想去油麻地食街頭小吃，可以去邊食？,你可以去廟街牛什。
我想去佐敦食麵食，可以去邊食？,你可以去麥文記。
我想去佐敦食粵菜，可以去邊食？,你可以去逸東軒。
我想去佐敦食街頭小吃，可以去邊食？,你可以去佳佳甜品、方太糕品舖、西關老袓。
我想去太子食粵菜，可以去邊食？,你可以去聚興家。
我想去太子食餃子，可以去邊食？,你可以去阿純山東餃子。
我想去旺角食粵菜，可以去邊食？,你可以去明閣。
我想去旺角食順德菜，可以去邊食？,你可以去頤東。
我想去旺角食街頭小吃，可以去邊食？,你可以去奇趣餅家、兩姊妹涼皮有限公司、Joyful Dessert House。
我想去北角食順德菜，可以去邊食？,你可以去鳳城。
我想去北角食星馬菜，可以去邊食？,你可以去古月。
我想去北角食粵菜，可以去邊食？,你可以去蛇王良。
我想去北角食潮州菜，可以去邊食？,你可以去潮樂園。
我想去北角食街頭小吃，可以去邊食？,你可以去麥記美食、魚事者。
我想去紅磡食滬菜，可以去邊食？,你可以去詠藜園。
我想去紅磡食街頭小吃，可以去邊食？,你可以去紅磡雞蛋仔。
我想去紅磡食日本菜，可以去邊食？,你可以去竹家。
我想去大角咀食泰國菜，可以去邊食？,你可以去Saya。
我想去天后食麵食，可以去邊食？,你可以去華姐清湯腩。
我想去天后食粵菜，可以去邊食？,你可以去石記廚房。
我想去天后食鐵板燒，可以去邊食？,你可以去鑄·鐵板燒。
我想去大圍食麵食，可以去邊食？,你可以去好湯好麵。
我想去大圍食粵菜，可以去邊食？,你可以去大圍小館。
我想去觀塘食印尼菜，可以去邊食？,你可以去好運印尼餐廳。
我想去黃大仙食粵菜，可以去邊食？,你可以去文苑飯莊。
我想去筲箕灣食滬菜，可以去邊食？,你可以去一家。
我想去深水埗食麵食，可以去邊食？,你可以去劉森記麵家。
我想去深水埗食粵菜，可以去邊食？,你可以去增煇藝廚。
我想去深水埗食街頭小吃，可以去邊食？,你可以去文記車仔麵、合益泰小食、深深甜品、公和荳品廠。
我想去深水埗食點心，可以去邊食？,你可以去添好運。
我想去屯門食粵菜，可以去邊食？,你可以去粤。
我想去屯門食海鮮，可以去邊食？,你可以去容龍。
我想去元朗食麵食，可以去邊食？,你可以去好到底。
我想去元朗食粵菜，可以去邊食？,你可以去大榮華。
我想去元朗食燒味，可以去邊食？,你可以去天鴻燒鵝。
我想去元朗食街頭小吃，可以去邊食？,你可以去蘇記燉蛋。
我想去西貢食海鮮，可以去邊食？,你可以去全記海鮮、六福菜館。
我想去土瓜灣食街頭小吃，可以去邊食？,你可以去魚蛋佬、浩記甜品。
我想去中環食飯，可以去邊食？,你可以去Octavium、Amber、志魂、Arbor、割烹凜、Testina、8 1/2 Otto e Mezzo - Bombana、Mono、一樂燒鵝、L'Atelier de Joël Robuchon、旅、Ryota Kappou Modern、Arcane、Zest by Konishi、長本、Andō、陸羽茶室、王府、廚魔名人坊、Estro、營致會館、Cristal Room by Anne-Sophie Pic、嘗申滙、New Punjab Club、酉玉、文華廳、Ami、Prince and the Peacock、Sếp、沾仔記、Heimat、Carbone、Clarence、文華扒房+酒吧、Beefbar、唐人館、星記、都爹利會館、廚魔、Plaisance by Mauro Colagreco、Cornerstone、Neighborhood、La Brasserie、Feuille、Vea、Noi by Paulo Airaudo、Caprice、永、Whey、Godenya、鮨．齋藤、Louise、九記、大班樓、正斗粥麵專家、麵鮮醬油房周月、口利福、廣尾內津、龍景軒、Belon、一宝、Hansik Goo。
我想去上環食飯，可以去邊食？,你可以去瑞兆、Tate、Yardbird、摩、Racines、Mâm Amis、Ăn Chơi、井巷子、泰館。
我想去灣仔食飯，可以去邊食？,你可以去Brass Spoon、家全七福、甬府、留園雅敘、Giando、蘇浙滙、L'Envol、潤、品味、甘牌燒鵝、泰麵、新榮記、Auor、金紫荊生記、Cafe Bau、船記、生記飯店、利苑酒家、浙江軒、美味廚、靠得住、莎巴、港灣壹號、Trattoria Felino、強記美食、福臨門。
我想去西營盤食飯，可以去邊食？,你可以去坤記煲仔小菜、巴依、Lucale、生記滷味、英記麵家。
我想去其他食飯，可以去邊食？,你可以去萬豪金殿、珀翠、夏宮、Mosu、The Steak House、壹玖捌叁、彭慶記、天外天、Little Napoli、香宮、Lulu Baobao、裕記、海德花園、台蔡滷肉飯、坤記竹昇麵。
我想去尖沙咀食飯，可以去邊食？,你可以去御寶軒、Épure、天龍軒、祥興記、Sushi Wadatsumi、Tuber Umberto Bombana、夜上海、天寶閣、瑞樵閣、麗晶軒、嘉麟樓、鼎泰豐、唐閣、吉地士、第三代肥仔、新同樂、翠亨邨、Twist & Buckle、瑞士餐廳、國金軒、富豪、Owl's、Carna by Dario Cecchini、Tosca di Angelo、Chaat、彤福軒、避風塘興記。
我想去西環食飯，可以去邊食？,你可以去書湘門第、波記、德記、阿元來了。
我想去銅鑼灣食飯，可以去邊食？,你可以去太湖海鮮城、Roganic、富臨飯店、Involtini、時代豆業、悅、農圃、Leela、鼎泰豐、何洪記、蛇王熙、莆田。
我想去油麻地食飯，可以去邊食？,你可以去廟街牛什。
我想去佐敦食飯，可以去邊食？,你可以去逸東軒、佳佳甜品、方太糕品舖、西關老袓、麥文記。
我想去太子食飯，可以去邊食？,你可以去阿純山東餃子、聚興家。
我想去旺角食飯，可以去邊食？,你可以去頤東、奇趣餅家、兩姊妹涼皮有限公司、Joyful Dessert House、明閣。
我想去北角食飯，可以去邊食？,你可以去古月、鳳城、潮樂園、麥記美食、蛇王良、魚事者。
我想去紅磡食飯，可以去邊食？,你可以去詠藜園、竹家、紅磡雞蛋仔。
我想去大角咀食飯，可以去邊食？,你可以去Saya。
我想去天后食飯，可以去邊食？,你可以去石記廚房、華姐清湯腩、鑄·鐵板燒。
我想去大圍食飯，可以去邊食？,你可以去大圍小館、好湯好麵。
我想去觀塘食飯，可以去邊食？,你可以去好運印尼餐廳。
我想去黃大仙食飯，可以去邊食？,你可以去文苑飯莊。
我想去筲箕灣食飯，可以去邊食？,你可以去一家。
我想去深水埗食飯，可以去邊食？,你可以去劉森記麵家、文記車仔麵、增煇藝廚、合益泰小食、深深甜品、添好運、公和荳品廠。
我想去屯門食飯，可以去邊食？,你可以去粤、容龍。
我想去元朗食飯，可以去邊食？,你可以去蘇記燉蛋、天鴻燒鵝、大榮華、好到底。
我想去西貢食飯，可以去邊食？,你可以去全記海鮮、六福菜館。
我想去土瓜灣食飯，可以去邊食？,你可以去魚蛋佬、浩記甜品。
我想去一星嘅拉麵，有咩推介呀？,你可以去抱歉，暫時未有一星嘅拉麵推介。！
我想去一星嘅順德菜，有咩推介呀？,你可以去彤福軒！
我想去一星嘅海鮮，有咩推介呀？,你可以去六福菜館！
我想去一星嘅創新菜，有咩推介呀？,你可以去Andō、Vea、摩！
我想去一星嘅天婦羅，有咩推介呀？,你可以去抱歉，暫時未有一星嘅天婦羅推介。！
我想去一星嘅印尼菜，有咩推介呀？,你可以去抱歉，暫時未有一星嘅印尼菜推介。！
我想去一星嘅韓國菜，有咩推介呀？,你可以去Hansik Goo！
我想去一星嘅時尚歐陸菜，有咩推介呀？,你可以去Arcane、文華扒房+酒吧、Neighborhood、Whey、Roganic！
我想去一星嘅時尚法國菜，有咩推介呀？,你可以去Zest by Konishi、Cristal Room by Anne-Sophie Pic、Feuille、Louise、Belon、Racines、Épure！
我想去一星嘅印度菜，有咩推介呀？,你可以去New Punjab Club、Chaat！
我想去一星嘅川菜，有咩推介呀？,你可以去抱歉，暫時未有一星嘅川菜推介。！
我想去一星嘅街頭小吃，有咩推介呀？,你可以去抱歉，暫時未有一星嘅街頭小吃推介。！
我想去一星嘅台州菜，有咩推介呀？,你可以去新榮記！
我想去一星嘅麵食，有咩推介呀？,你可以去抱歉，暫時未有一星嘅麵食推介。！
我想去一星嘅雞肉串燒，有咩推介呀？,你可以去Yardbird！
我想去一星嘅越南菜，有咩推介呀？,你可以去抱歉，暫時未有一星嘅越南菜推介。！
我想去一星嘅拉丁美洲菜，有咩推介呀？,你可以去Mono！
我想去一星嘅壽司，有咩推介呀？,你可以去鮨．齋藤、Sushi Wadatsumi！
我想去一星嘅法國菜，有咩推介呀？,你可以去珀翠、吉地士！
我想去一星嘅滬菜，有咩推介呀？,你可以去留園雅敘、夜上海！
我想去一星嘅德國菜，有咩推介呀？,你可以去抱歉，暫時未有一星嘅德國菜推介。！
我想去一星嘅閩菜，有咩推介呀？,你可以去抱歉，暫時未有一星嘅閩菜推介。！
我想去一星嘅台灣菜，有咩推介呀？,你可以去抱歉，暫時未有一星嘅台灣菜推介。！
我想去一星嘅鐵板燒，有咩推介呀？,你可以去鑄·鐵板燒！
我想去一星嘅美國意大利菜，有咩推介呀？,你可以去抱歉，暫時未有一星嘅美國意大利菜推介。！
我想去一星嘅馬來西亞菜，有咩推介呀？,你可以去抱歉，暫時未有一星嘅馬來西亞菜推介。！
我想去一星嘅粥麵，有咩推介呀？,你可以去何洪記！
我想去一星嘅寧波菜，有咩推介呀？,你可以去甬府！
我想去一星嘅扒房，有咩推介呀？,你可以去Beefbar！
我想去一星嘅時尚意大利菜，有咩推介呀？,你可以去抱歉，暫時未有一星嘅時尚意大利菜推介。！
我想去一星嘅湘菜，有咩推介呀？,你可以去抱歉，暫時未有一星嘅湘菜推介。！
我想去一星嘅餃子，有咩推介呀？,你可以去抱歉，暫時未有一星嘅餃子推介。！
我想去一星嘅點心，有咩推介呀？,你可以去抱歉，暫時未有一星嘅點心推介。！
我想去一星嘅泰國菜，有咩推介呀？,你可以去抱歉，暫時未有一星嘅泰國菜推介。！
我想去一星嘅日本菜，有咩推介呀？,你可以去割烹凜、Ryota Kappou Modern、長本、Godenya、瑞兆！
我想去一星嘅星馬菜，有咩推介呀？,你可以去抱歉，暫時未有一星嘅星馬菜推介。！
我想去一星嘅時尚中國菜，有咩推介呀？,你可以去抱歉，暫時未有一星嘅時尚中國菜推介。！
我想去一星嘅瑞士菜，有咩推介呀？,你可以去抱歉，暫時未有一星嘅瑞士菜推介。！
我想去一星嘅意大利菜，有咩推介呀？,你可以去Estro、Tosca di Angelo！
我想去一星嘅粵菜，有咩推介呀？,你可以去廚魔名人坊、文華廳、都爹利會館、大班樓、家全七福、萬豪金殿、夏宮、御寶軒、嘉麟樓、新同樂、富豪、逸東軒、彭慶記、香宮、明閣、福臨門！
我想去一星嘅浙江菜，有咩推介呀？,你可以去浙江軒！
我想去一星嘅潮州菜，有咩推介呀？,你可以去抱歉，暫時未有一星嘅潮州菜推介。！
我想去一星嘅歐陸菜，有咩推介呀？,你可以去抱歉，暫時未有一星嘅歐陸菜推介。！
我想去一星嘅燒味，有咩推介呀？,你可以去一樂燒鵝、甘牌燒鵝！
我想去一星嘅新疆菜，有咩推介呀？,你可以去抱歉，暫時未有一星嘅新疆菜推介。！
我想去兩星嘅拉麵，有咩推介呀？,你可以去抱歉，暫時未有兩星嘅拉麵推介。！
我想去兩星嘅順德菜，有咩推介呀？,你可以去抱歉，暫時未有兩星嘅順德菜推介。！
我想去兩星嘅海鮮，有咩推介呀？,你可以去抱歉，暫時未有兩星嘅海鮮推介。！
我想去兩星嘅創新菜，有咩推介呀？,你可以去Arbor、廚魔、Tate！
我想去兩星嘅天婦羅，有咩推介呀？,你可以去抱歉，暫時未有兩星嘅天婦羅推介。！
我想去兩星嘅印尼菜，有咩推介呀？,你可以去抱歉，暫時未有兩星嘅印尼菜推介。！
我想去兩星嘅韓國菜，有咩推介呀？,你可以去抱歉，暫時未有兩星嘅韓國菜推介。！
我想去兩星嘅時尚歐陸菜，有咩推介呀？,你可以去抱歉，暫時未有兩星嘅時尚歐陸菜推介。！
我想去兩星嘅時尚法國菜，有咩推介呀？,你可以去Amber、L'Envol！
我想去兩星嘅印度菜，有咩推介呀？,你可以去抱歉，暫時未有兩星嘅印度菜推介。！
我想去兩星嘅川菜，有咩推介呀？,你可以去抱歉，暫時未有兩星嘅川菜推介。！
我想去兩星嘅街頭小吃，有咩推介呀？,你可以去抱歉，暫時未有兩星嘅街頭小吃推介。！
我想去兩星嘅台州菜，有咩推介呀？,你可以去抱歉，暫時未有兩星嘅台州菜推介。！
我想去兩星嘅麵食，有咩推介呀？,你可以去抱歉，暫時未有兩星嘅麵食推介。！
我想去兩星嘅雞肉串燒，有咩推介呀？,你可以去抱歉，暫時未有兩星嘅雞肉串燒推介。！
我想去兩星嘅越南菜，有咩推介呀？,你可以去抱歉，暫時未有兩星嘅越南菜推介。！
我想去兩星嘅拉丁美洲菜，有咩推介呀？,你可以去抱歉，暫時未有兩星嘅拉丁美洲菜推介。！
我想去兩星嘅壽司，有咩推介呀？,你可以去抱歉，暫時未有兩星嘅壽司推介。！
我想去兩星嘅法國菜，有咩推介呀？,你可以去抱歉，暫時未有兩星嘅法國菜推介。！
我想去兩星嘅滬菜，有咩推介呀？,你可以去抱歉，暫時未有兩星嘅滬菜推介。！
我想去兩星嘅德國菜，有咩推介呀？,你可以去抱歉，暫時未有兩星嘅德國菜推介。！
我想去兩星嘅閩菜，有咩推介呀？,你可以去抱歉，暫時未有兩星嘅閩菜推介。！
我想去兩星嘅台灣菜，有咩推介呀？,你可以去抱歉，暫時未有兩星嘅台灣菜推介。！
我想去兩星嘅鐵板燒，有咩推介呀？,你可以去抱歉，暫時未有兩星嘅鐵板燒推介。！
我想去兩星嘅美國意大利菜，有咩推介呀？,你可以去抱歉，暫時未有兩星嘅美國意大利菜推介。！
我想去兩星嘅馬來西亞菜，有咩推介呀？,你可以去抱歉，暫時未有兩星嘅馬來西亞菜推介。！
我想去兩星嘅粥麵，有咩推介呀？,你可以去抱歉，暫時未有兩星嘅粥麵推介。！
我想去兩星嘅寧波菜，有咩推介呀？,你可以去抱歉，暫時未有兩星嘅寧波菜推介。！
我想去兩星嘅扒房，有咩推介呀？,你可以去抱歉，暫時未有兩星嘅扒房推介。！
我想去兩星嘅時尚意大利菜，有咩推介呀？,你可以去Noi by Paulo Airaudo！
我想去兩星嘅湘菜，有咩推介呀？,你可以去抱歉，暫時未有兩星嘅湘菜推介。！
我想去兩星嘅餃子，有咩推介呀？,你可以去抱歉，暫時未有兩星嘅餃子推介。！
我想去兩星嘅點心，有咩推介呀？,你可以去抱歉，暫時未有兩星嘅點心推介。！
我想去兩星嘅泰國菜，有咩推介呀？,你可以去抱歉，暫時未有兩星嘅泰國菜推介。！
我想去兩星嘅日本菜，有咩推介呀？,你可以去抱歉，暫時未有兩星嘅日本菜推介。！
我想去兩星嘅星馬菜，有咩推介呀？,你可以去抱歉，暫時未有兩星嘅星馬菜推介。！
我想去兩星嘅時尚中國菜，有咩推介呀？,你可以去抱歉，暫時未有兩星嘅時尚中國菜推介。！
我想去兩星嘅瑞士菜，有咩推介呀？,你可以去抱歉，暫時未有兩星嘅瑞士菜推介。！
我想去兩星嘅意大利菜，有咩推介呀？,你可以去Octavium！
我想去兩星嘅粵菜，有咩推介呀？,你可以去營致會館、龍景軒、潤、天龍軒、麗晶軒！
我想去兩星嘅浙江菜，有咩推介呀？,你可以去抱歉，暫時未有兩星嘅浙江菜推介。！
我想去兩星嘅潮州菜，有咩推介呀？,你可以去抱歉，暫時未有兩星嘅潮州菜推介。！
我想去兩星嘅歐陸菜，有咩推介呀？,你可以去抱歉，暫時未有兩星嘅歐陸菜推介。！
我想去兩星嘅燒味，有咩推介呀？,你可以去抱歉，暫時未有兩星嘅燒味推介。！
我想去兩星嘅新疆菜，有咩推介呀？,你可以去抱歉，暫時未有兩星嘅新疆菜推介。！
我想去三星嘅拉麵，有咩推介呀？,你可以去抱歉，暫時未有三星嘅拉麵推介。！
我想去三星嘅順德菜，有咩推介呀？,你可以去抱歉，暫時未有三星嘅順德菜推介。！
我想去三星嘅海鮮，有咩推介呀？,你可以去抱歉，暫時未有三星嘅海鮮推介。！
我想去三星嘅創新菜，有咩推介呀？,你可以去旅！
我想去三星嘅天婦羅，有咩推介呀？,你可以去抱歉，暫時未有三星嘅天婦羅推介。！
我想去三星嘅印尼菜，有咩推介呀？,你可以去抱歉，暫時未有三星嘅印尼菜推介。！
我想去三星嘅韓國菜，有咩推介呀？,你可以去抱歉，暫時未有三星嘅韓國菜推介。！
我想去三星嘅時尚歐陸菜，有咩推介呀？,你可以去抱歉，暫時未有三星嘅時尚歐陸菜推介。！
我想去三星嘅時尚法國菜，有咩推介呀？,你可以去L'Atelier de Joël Robuchon、Caprice！
我想去三星嘅印度菜，有咩推介呀？,你可以去抱歉，暫時未有三星嘅印度菜推介。！
我想去三星嘅川菜，有咩推介呀？,你可以去抱歉，暫時未有三星嘅川菜推介。！
我想去三星嘅街頭小吃，有咩推介呀？,你可以去抱歉，暫時未有三星嘅街頭小吃推介。！
我想去三星嘅台州菜，有咩推介呀？,你可以去抱歉，暫時未有三星嘅台州菜推介。！
我想去三星嘅麵食，有咩推介呀？,你可以去抱歉，暫時未有三星嘅麵食推介。！
我想去三星嘅雞肉串燒，有咩推介呀？,你可以去抱歉，暫時未有三星嘅雞肉串燒推介。！
我想去三星嘅越南菜，有咩推介呀？,你可以去抱歉，暫時未有三星嘅越南菜推介。！
我想去三星嘅拉丁美洲菜，有咩推介呀？,你可以去抱歉，暫時未有三星嘅拉丁美洲菜推介。！
我想去三星嘅壽司，有咩推介呀？,你可以去志魂！
我想去三星嘅法國菜，有咩推介呀？,你可以去抱歉，暫時未有三星嘅法國菜推介。！
我想去三星嘅滬菜，有咩推介呀？,你可以去抱歉，暫時未有三星嘅滬菜推介。！
我想去三星嘅德國菜，有咩推介呀？,你可以去抱歉，暫時未有三星嘅德國菜推介。！
我想去三星嘅閩菜，有咩推介呀？,你可以去抱歉，暫時未有三星嘅閩菜推介。！
我想去三星嘅台灣菜，有咩推介呀？,你可以去抱歉，暫時未有三星嘅台灣菜推介。！
我想去三星嘅鐵板燒，有咩推介呀？,你可以去抱歉，暫時未有三星嘅鐵板燒推介。！
我想去三星嘅美國意大利菜，有咩推介呀？,你可以去抱歉，暫時未有三星嘅美國意大利菜推介。！
我想去三星嘅馬來西亞菜，有咩推介呀？,你可以去抱歉，暫時未有三星嘅馬來西亞菜推介。！
我想去三星嘅粥麵，有咩推介呀？,你可以去抱歉，暫時未有三星嘅粥麵推介。！
我想去三星嘅寧波菜，有咩推介呀？,你可以去抱歉，暫時未有三星嘅寧波菜推介。！
我想去三星嘅扒房，有咩推介呀？,你可以去抱歉，暫時未有三星嘅扒房推介。！
我想去三星嘅時尚意大利菜，有咩推介呀？,你可以去抱歉，暫時未有三星嘅時尚意大利菜推介。！
我想去三星嘅湘菜，有咩推介呀？,你可以去抱歉，暫時未有三星嘅湘菜推介。！
我想去三星嘅餃子，有咩推介呀？,你可以去抱歉，暫時未有三星嘅餃子推介。！
我想去三星嘅點心，有咩推介呀？,你可以去抱歉，暫時未有三星嘅點心推介。！
我想去三星嘅泰國菜，有咩推介呀？,你可以去抱歉，暫時未有三星嘅泰國菜推介。！
我想去三星嘅日本菜，有咩推介呀？,你可以去抱歉，暫時未有三星嘅日本菜推介。！
我想去三星嘅星馬菜，有咩推介呀？,你可以去抱歉，暫時未有三星嘅星馬菜推介。！
我想去三星嘅時尚中國菜，有咩推介呀？,你可以去抱歉，暫時未有三星嘅時尚中國菜推介。！
我想去三星嘅瑞士菜，有咩推介呀？,你可以去抱歉，暫時未有三星嘅瑞士菜推介。！
我想去三星嘅意大利菜，有咩推介呀？,你可以去8 1/2 Otto e Mezzo - Bombana！
我想去三星嘅粵菜，有咩推介呀？,你可以去唐閣、富臨飯店！
我想去三星嘅浙江菜，有咩推介呀？,你可以去抱歉，暫時未有三星嘅浙江菜推介。！
我想去三星嘅潮州菜，有咩推介呀？,你可以去抱歉，暫時未有三星嘅潮州菜推介。！
我想去三星嘅歐陸菜，有咩推介呀？,你可以去抱歉，暫時未有三星嘅歐陸菜推介。！
我想去三星嘅燒味，有咩推介呀？,你可以去抱歉，暫時未有三星嘅燒味推介。！
我想去三星嘅新疆菜，有咩推介呀？,你可以去抱歉，暫時未有三星嘅新疆菜推介。！
我想食意大利菜，你有冇邊間推介呀？,你可以考慮吓Octavium，呢間餐廳優雅的意大利傢具、妝點牆身的挪威樹皮、簡約的設計，都令人放鬆心情。菜單同樣呈現極簡主義：來自西西里島的新任主廚，選用日本新鮮食材，並把家鄉特色融入醬料之中。菜單包括多款海鮮及肉類，手工意粉更是不容錯過，尤其推薦招牌菜紅蝦意麵。如欲有完整的用餐體驗，不妨選擇六或八道菜的品嘗菜單。。。
我想食時尚法國菜，你有冇邊間推介呀？,你可以考慮吓Amber，呢間餐廳這典雅的餐廳以金色和米色為主調，加上名貴皮革座椅、淺色橡木餐桌等，盡顯奢華優雅。主廚以法國菜的技巧，配合各地進口的優質食材，設計出多款套餐。烹飪風格貼合現代飲食潮流：精緻、輕盈、低糖低鹽、不含麩質和奶製品，更提供素食選擇，滿足追求健康的客人。。。
我想食壽司，你有冇邊間推介呀？,你可以考慮吓志魂，呢間餐廳由著名室內設計師、木材及陶瓷職人聯手，雕琢出精緻的用餐環境。料理長柿沼先生十分重視料理的細節，他尤其擅長以熟成技巧處理魚料，如在熟成過程中加入不同的酒盜以作提味；米飯則選用來自京都、經特別混合的新米，以加強香味、甜度和幼滑度，配合兩種熟成四年的醋，令整體味道更臻極致。。。
我想食創新菜，你有冇邊間推介呀？,你可以考慮吓Arbor，呢間餐廳室內設計採用悠閒的地中海風格，讓人暫時遠離中環區的繁囂。祖籍芬蘭、經驗豐富的大廚堅持採用新鮮、主要源自日本的食材，以嫻熟的法式烹調技術，加上北歐精準細緻的態度料理菜餚，令食材的自然滋味得以提升。只供應套餐，包含多道精緻菜式，更可選擇加大主菜分量。服務專業周到，酒單更使人眼前一亮。。。
我想食日本菜，你有冇邊間推介呀？,你可以考慮吓割烹凜，呢間餐廳由銀座名店吉武壽司與本地的志魂聯手創立，呈現輕鬆而獨特的割烹料理體驗。日籍主廚來自仙台，擅於以獨特的調味配合優質食材，表達濃厚的味道。他透過每季節變更的廚師發辦套餐，展示對日本海陸產物的珍視，不論生食或熟食，均突顯材料的自然風味。不妨配搭日本清酒佐餐。惟座位有限，建議提早訂座。。。
我想食意大利菜，你有冇邊間推介呀？,你可以考慮吓Testina，呢間餐廳水磨石地板、橄欖綠色傢具，加上芥末黃色牆壁，裝潢洋溢七十年代米蘭的格調。餐廳與意大利食府Trippa Milano合作，依其食譜烹調經典的北意美食。菜單包含以豬頭肉、牛肚等食材炮製的菜式，體現「從頭吃到尾」的烹飪理念。推薦鴨肉醬闊條麵，其味道濃郁，不容錯過。愛嘗新的不妨留意隔天更新的特別菜單。。。
我想食意大利菜，你有冇邊間推介呀？,你可以考慮吓8 1/2 Otto e Mezzo - Bombana，呢間餐廳店東兼主廚Umberto Bombana除了熱衷烹飪，也對電影充滿熱情，因此餐廳以意大利著名導演費里尼的作品《八部半》命名。食物亦處處展露意國魅力，菜單羅列多款經典意大利美食，包括不容錯過的手製意粉，以及因應時令而設計的限定菜式。色、香、味俱全的佳餚，加上無懈可擊的服務，令人難以忘懷。。。
我想食拉丁美洲菜，你有冇邊間推介呀？,你可以考慮吓Mono，呢間餐廳委內瑞拉主廚結合在歐洲及本地的經驗，以上乘食材和現代烹飪技巧，呈現其文化本源。他運用多款當地食材及自製醬汁，務求以鮮艷顏色和豐富的味道，讓客人飽嘗南美風情。招牌菜式小龍蝦食材源自丹麥，肉質細嫩，配合自家發酵的可可果和濃湯，令小龍蝦的鮮味異常突出。僅接受網上訂座。。。
我想食燒味，你有冇邊間推介呀？,你可以考慮吓一樂燒鵝，呢間餐廳早於1957年開業，鎮店招牌脆皮燒鵝油光亮澤，乃根據老闆朱先生的家族秘方醃製，在自設工場經二十多道工序燒烤，色香味俱佳。每次只出爐十隻，因此得靠點運氣才可嘗到特定部位。一人獨享的話，建議點選四分一隻燒鵝，配搭鵝油清湯瀨粉。其他燒味均以炭爐燒烤，不要錯過化皮燒腩仔和蜜汁叉燒。。。
我想食時尚法國菜，你有冇邊間推介呀？,你可以考慮吓L'Atelier de Joël Robuchon，呢間餐廳Joël Robuchon 無疑是高級法國菜的同義詞。標誌性的紅黑裝潢，還有可欣賞到廚師出色烹調技巧的開放式廚房，皆是其餐廳標誌。由法籍主廚帶領的團隊，精挑細選世界各地的優質食材，巧手烹製成一道道精細的時尚菜餚。從選擇琳瑯滿目的麵包籃、精緻細膩的餐前小食，至餐後的小甜點，皆呈現了美味的極致。。。
我想食創新菜，你有冇邊間推介呀？,你可以考慮吓旅，呢間餐廳日籍大廚佐藤秀明將「純粹、簡約、時令」奉為其烹調信條，同時樂於嘗試不同的烹調技巧及食材配搭。其創作糅合了法式烹調手法和來自日本的時令頂級食材，菜式的質感和味道皆別樹一幟，滋味非凡。從每天新鮮製作的發酵奶油及酸種麵包，以至配搭的亞洲餐酒及日本清酒，處處精彩，叫人回味難忘。。。
我想食日本菜，你有冇邊間推介呀？,你可以考慮吓Ryota Kappou Modern，呢間餐廳老闆兼主廚以豐富經驗和當季的上乘食材，製作割烹風格的日式美食，菜單更會隨季節更新。其中晚市套餐包括餐廳自家代理的清酒，讓客人以美酒配佳餚。建議坐在圍繞開放式廚房的板前位置，好好欣賞廚師功架。餐室被落地玻璃圍繞，加上名家設計的傢具和陶瓷餐具，提供了獨特的視覺享受。。。
我想食時尚歐陸菜，你有冇邊間推介呀？,你可以考慮吓Arcane，呢間餐廳開放式廚房讓食客能一窺澳洲籍主廚Shane Osborn烹調時的專注、體會他的熱情，以簡易方式烹調日本海鮮、澳洲牛肉和法國有機雞肉等食材，也反映了他對食材的尊重。讓用餐體驗更完滿，不妨請經驗豐富的侍酒師為您配對餐酒，當中涵蓋勃艮第、大洋洲和美國等地產物。價格合理的午膳套餐值得一試。。。
我想食時尚法國菜，你有冇邊間推介呀？,你可以考慮吓Zest by Konishi，呢間餐廳佔地兩層，可先到上層欣賞風景並享用雞尾酒，再往下層品嘗當代法式美食。色調柔和的室內設計帶有自然氣息，氛圍悠閒輕鬆。主廚強調不時不食，採用來自日本、法國和本地的時令食材。品嘗套餐的主菜包括海鮮和肉類，配菜亦同樣出色。供二人分享的平原雞廣受歡迎，但備菜時間較長，建議提前查詢。。。
我想食日本菜，你有冇邊間推介呀？,你可以考慮吓長本，呢間餐廳告別柏屋後，大廚長本先生在原址另闢新店，並以全新面貌迎接客人：主餐室的吧檯由深棕色樹幹製成，安坐於此可以欣賞到主廚在席前準備菜餚。供應單一菜單，以最鮮美的當季食材製成懷石料理，從頭盤到甜品，處處顯露主廚對食材的透徹了解。服務員更會於席間介紹菜式由來和相關日本風俗，十分有趣。。。
我想食創新菜，你有冇邊間推介呀？,你可以考慮吓Andō，呢間餐廳阿根廷主廚Agustin Balbi於香港開設的首間餐廳，糅合他的西班牙背景，以及在日本的豐富工作經驗和啟發，建立出別樹一幟的風格。品嘗菜單以獨特方式呈現主廚的烹飪歷程，當中的高湯燴飯，是他向祖母致敬之作。用餐環境簡約舒適，並設有偌大的開放式廚房，讓客人得以全情投入享受美食。。。
我想食粵菜，你有冇邊間推介呀？,你可以考慮吓陸羽茶室，呢間餐廳樓高三層的陸羽茶室不但深受本地食客歡迎，更有不少外地遊客慕名而至，故經常門庭若市。店內環境典雅，以酸枝椅和字畫作裝飾，充滿懷舊味道之餘又帶點殖民地色彩，別具特色。穿着白色外套的侍應工作敏捷而專注；茶室以傳統方法製作美味點心，乾炒牛河及脆皮炸子雞等小菜也值得一試。。。
我想食餃子，你有冇邊間推介呀？,你可以考慮吓王府，呢間餐廳王府扎根於威靈頓街多年，其北京水餃遠近馳名，多款餃子每天由人手新鮮包製。除了泡煮水餃外，店內亦有供應煎餃，餃子外皮煎至略帶焦脆，內餡仍保留着肉汁，份外味美。羊肉京葱餃和花素餃不容錯過，各款涼菜小吃亦別具京川風味。別忘了留意店家的是日精選，當中或會有一些新口味。。。
我想食粵菜，你有冇邊間推介呀？,你可以考慮吓廚魔名人坊，呢間餐廳由廚魔梁經倫和名人坊的富哥攜手合作，令人引頸以待的菜單以傳統粵菜為主，你可找到富哥的招牌菜如燕窩釀鳳翼、花雕飛天雞等。另一方面，兩人也大膽地運用西式食材，創作出令人眼前一亮的菜式。例如魔幻脆皮大腸以混有黑松露的墨魚膠釀入豬大腸中，炸至外層香脆而內餡軟彈，且每口都溢滿香氣，值得一試。。。
我想食意大利菜，你有冇邊間推介呀？,你可以考慮吓Estro，呢間餐廳自2021年開業以來，來自拿坡里的主廚一直選用意大利、法國及日本的優質食材，提供傳統意菜，並於午、晚餐時段各設不同套餐。招牌紅蝦奶凍呈現漂亮的珊瑚紅色，表面是滿滿的魚子醬，非常奢華。各式手工意粉也不容錯過，鈕扣造型的尤其富有特色。設有主廚餐桌，能與大廚作直接交流，惟須提早查詢。。。
我想食粵菜，你有冇邊間推介呀？,你可以考慮吓營致會館，呢間餐廳裝潢典雅時尚，讓客人在舒適的環境中享用精緻美食。主廚着重選料新鮮，加上熟練的烹調技巧，炮製出細緻傳統的廣東菜。招牌菜脆香貴妃雞皮脆酥香、口感嫩滑。另外推介肉質鮮嫩中帶香脆的香葱爆乳龍。地下酒吧專售氈酒調製的雞尾酒，也有輕井澤威士忌等較特別的選擇。。。
我想食時尚法國菜，你有冇邊間推介呀？,你可以考慮吓Cristal Room by Anne-Sophie Pic，呢間餐廳法籍主廚Anne-Sophie Pic於亞洲開設的第二家餐廳，室內裝潢高雅華麗，入口處的水晶吊燈宏偉而閃亮，引人注目。開放式廚房加上鑲設鏡面的天花，大大提升空間感。晚市提供六或八道菜的套餐，當中包括主廚的首本名菜，取用日本食材並且融合當地元素，創造出豐富細膩的味道。此外，客人可在甜品區享用美味茶點。。。
我想食滬菜，你有冇邊間推介呀？,你可以考慮吓嘗申滙，呢間餐廳位於商業大廈頂樓，餐廳共佔三層空間，客人先乘電梯到43樓，再由接待員安排入座。佈置以綠色絲絨為主，格調高雅，透過落地玻璃可俯瞰維港景色。主要提供上海和江浙佳餚，菜單羅列多款經典菜式，例如手撕四喜烤麩、龍鬚桂魚、香煎八寶飯，以及招牌菜桂花蜜汁火方。午市提供套餐，方便商務宴請。。。
我想食印度菜，你有冇邊間推介呀？,你可以考慮吓New Punjab Club，呢間餐廳餐廳供應北印度美食，客人會找到眾多以土窯爐烤製的佳餚，例如小食窯烤蛋，選用日本雞蛋搭配海螯蝦，蛋香濃郁，味道豐富。招牌菜則有以本地三黃雞烹調的Murgh Methi Tikka。菜式分量較大，不妨呼朋喚友共享，同時品嘗多款以氈酒調配的雞尾酒。服務令人感到賓至如歸。建議於網上訂座。。。
我想食雞肉串燒，你有冇邊間推介呀？,你可以考慮吓酉玉，呢間餐廳為了確保肉質鮮嫩，餐廳選用只有四十天大的雞隻，由日籍主廚製作成超過二十八種不同部位的串燒，當中包括雞胸腺等需預訂的特別部位，每一串都烤得恰到好處。廚師更會因應客人的進食速度預備食物，並親自送到面前。除了雞肉串，不同季節也會提供相應漬物，值得一試。但座位不多，建議訂座。。。
我想食粵菜，你有冇邊間推介呀？,你可以考慮吓文華廳，呢間餐廳文華廳於2020年重新裝潢，採用深藍色調配合鳥籠設計的吊燈，融合中西設計細節，環境依舊優雅。菜單則加入不少傳統手工菜式，同時為經典注入新元素，例如特色菜松茸戈渣。不論點心、燒味或小菜，皆展現了廚師團隊扎實的廚藝。酒單方面亦增添新意，引入蒙瓶品嘗，由侍酒師為客人挑選餐酒，驚喜十足。。。
我想食時尚法國菜，你有冇邊間推介呀？,你可以考慮吓Ami，呢間餐廳餐廳糅合美食與小酒館，菜單上可找到手切牛肉他他、即叫即焗的梳乎厘等經典法國菜式。現任年輕主廚來自法國南部，為這裏的菜餚注入更多新意。如果想有更完整的餐飲體驗，不妨選擇季節品嘗菜單。供應超過四百款蘇格蘭、日本等地的稀有威士忌，讓客人暢享美饌和佳釀。天氣晴朗的日子，到露台位置用餐更感悠閒寫意。。。
我想食印度菜，你有冇邊間推介呀？,你可以考慮吓Prince and the Peacock，呢間餐廳餐廳由大廚Palash Mitra主理，店名象徵皇室與權力。菜式靈感來自印度皇家廚房，涵蓋從南到北的地方美食。Nalli Gosht Biryani採用熟成印度香米，與肉味濃郁的羊膝和羊小排一同烹煮，配搭薄荷碎和乳酪，碰撞出煥然一新的滋味。裝潢以印度地毯、花卉擺設等帶出異國情調，且不失尊貴品味。。。
我想食越南菜，你有冇邊間推介呀？,你可以考慮吓Sếp，呢間餐廳由經驗豐富的主廚掌舵，提供現代越南法殖菜式。他曾在越南旅居七年，對當地的柴火烹飪文化深深着迷，因此特別在店內的開放式廚房設置柴火烤爐。兩款套餐均糅合法式烹調技巧和優質食材，例如使用乾式熟成三黃雞的會安脆皮雞，還有採用黑安格斯牛肉的順化牛肉粉等。套餐外更設額外菜式，適合共享。。。
我想食麵食，你有冇邊間推介呀？,你可以考慮吓沾仔記，呢間餐廳開業逾廿年，裝潢簡潔但舒適。招牌菜雲吞、鮮鯪魚球和鮮牛肉各有特色：鯪魚球自家製作，帶魚鮮味；雲吞皮薄餡足，爽口彈牙；鮮牛肉則口感嫩滑，牛味濃郁。配搭用豬骨、大地魚和羅漢果等熬煮而成的湯頭，鮮甜味美。想同時品嘗三種美食，可選擇至尊三寶麵。午市需要排隊及拼桌，建議在非繁忙時間光顧。。。
我想食德國菜，你有冇邊間推介呀？,你可以考慮吓Heimat，呢間餐廳名稱在德文解作「家鄉」，而餐廳的佈置和用餐氛圍，也洋溢着家的感覺。德籍主廚抱着回味美好童年回憶的願景，以精緻角度呈現家鄉菜餚，為食客帶來嶄新的德菜體驗。除了包含六道菜的品嘗菜單，午市也提供三道菜的套餐，並設有果汁配搭服務。飯後，餐廳會奉上小熊軟糖，充滿德國風情。。。
我想食美國意大利菜，你有冇邊間推介呀？,你可以考慮吓Carbone，呢間餐廳室內裝潢帶有五十年代紐約的氣息，因為這兒供應美式意大利菜。除了意粉，還有多種扒類選擇，包括軟嫩多汁的塔斯曼尼亞帶長骨羊斧頭扒。侍應更會推着餐車，供客人挑選意大利芝士蛋糕、檸檬芝士蛋糕等甜品。菜式分量慷慨，適合共享。另提供多款意大利餐酒和雞尾酒，不妨以餐廳自製的Limoncello作結。。。
我想食時尚法國菜，你有冇邊間推介呀？,你可以考慮吓Clarence，呢間餐廳由法籍大廚Olivier Elzer創立，在亞洲生活多年的經驗，啟發他以清蒸、鐵板燒等東亞技巧呈現法國美食，包括一系列將油封鴨、青蛙腿等法式經典製成串燒的Yakifrenchy菜式。部份菜式更設計成可供多人共享。餐廳劃為四個區域，賦予多元的餐飲體驗。如果只想來點輕食，可選擇帶日式風格的Raw & Wine Bar。。。
我想食時尚歐陸菜，你有冇邊間推介呀？,你可以考慮吓文華扒房+酒吧，呢間餐廳餐室由已故名家Sir Terence Conran設計，優雅而明亮，天花上的扇形圖案呼應着酒店的標誌，充滿巧思。供應多款來自美國、澳洲和日本、以木炭燒烤的優質肉品，同時有牛肉他他、煙三文魚等經典歐陸美食。食客亦可從菜單中選取前菜和甜品配搭扒類，組合成三或四道菜的套餐。。。
我想食扒房，你有冇邊間推介呀？,你可以考慮吓Beefbar，呢間餐廳這家源自摩納哥的扒房裝潢亮眼，以白色雲石配搭黑色皮革，時尚有型。主要供應來自美國、澳洲、日本、韓國的頂級牛扒，無論是安格斯牛、和牛或神戶牛，不同部位都被烤至恰到好處。不要錯過大受歡迎的肋眼蓋，外層微微焦脆，內裏則軟嫩多汁。前菜選擇豐富，其中墨西哥卷餅和席前炮製的牛肉他他均美味可口。。。
我想食粵菜，你有冇邊間推介呀？,你可以考慮吓唐人館，呢間餐廳由已故鄧永鏘爵士構思及設計，是其繼倫敦唐人館後又一傑作。人手刺繡的牆紙、獨特的鏡飾、古董燈飾及線裝中式排版菜譜，中式傳統藝術與西方美學結合得天衣無縫，流露出典雅貴氣。菜單涵蓋粵、京、川等地美食及精製南北點心：老北京傳統掛爐烤鴨、唐人館叉燒和琉璃蝦球等，滋味無窮。。。
我想食粵菜，你有冇邊間推介呀？,你可以考慮吓星記，呢間餐廳星記是中環區難得一見的粵式小菜館，以扎實的烹調技巧及新鮮食材見稱。以大廚名字命名的輝哥煎咸雞肉質嫩滑又惹味，值得一試。金榜醬戈巴焗大花蝦則鮮味十足，咸香的醬汁更可沾鍋巴來吃，十分香口。另建議預訂燉湯如杏汁花膠燉豬肺。餐廳於午市提供一系列價格實惠的小菜，甚受上班族歡迎。。。
我想食粵菜，你有冇邊間推介呀？,你可以考慮吓都爹利會館，呢間餐廳廚師團隊選用高級食材，炮製出精緻粵菜。鮮蟹肉桂花炒蝦絲透出馥郁鮮香，炒開的雞蛋金黃如桂花，配搭清脆的銀芽，是這裏的招牌菜。都爹利吊炸雞經過近三百次反覆油淋，外皮薄脆，肉質嫩滑入味，充滿油脂香氣，建議提前預留。室內佈置令人恍若置身於藝術館，也會定期舉行藝術展覽，用餐體驗更為豐富。。。
我想食創新菜，你有冇邊間推介呀？,你可以考慮吓廚魔，呢間餐廳由灣仔移師中環後，空間變得更寬敞舒適。除了引人注目的開放式廚房，餐室不同角落也以藝術品點綴，全都由主廚老闆精心挑選，充分展示香港文化元素，作為獻給這座城市的讚歌。和以往一樣，只提供套餐，菜式極具創意和特色，不但融合中式元素，設計更帶有藝術感，處處顯露主廚的心思。。。
我想食時尚法國菜，你有冇邊間推介呀？,你可以考慮吓Plaisance by Mauro Colagreco，呢間餐廳餐廳以海洋為概念，室內設計採用藍綠色調，配合銀光閃閃的魚形裝飾，奪目耀眼。餐宴以取自主廚祖母食譜的麵包打開序幕，佐以橄欖油倍添滋味。主菜單以海鮮為主，採用本地蔬菜和世界各地的時令食材，融合法式手法烹調。休息室在星期一至五提供現場音樂表演，不妨先在這裏小酌一番。。。
我想食時尚歐陸菜，你有冇邊間推介呀？,你可以考慮吓Cornerstone，呢間餐廳簇新而現代化的小餐館，佇立在蘇豪區之中，裝潢以灰色作主調，內外都型格十足。儘管老闆的定位是澳洲餐廳，卻選用來自世界各地的優質食材，菜式具有歐洲和亞洲元素，無論是味道還是口感都十分出色，而且服務員親切友善，價錢也物有所值。餐單每月更新數次，為常客保持新鮮感。只接受網上訂座。。。
我想食時尚歐陸菜，你有冇邊間推介呀？,你可以考慮吓Neighborhood，呢間餐廳位於荷李活道旁的小巷，低調的門面呼應着簡約裝潢，氣氛悠閒舒適。老闆兼主廚曾於美國習廚，擅長烹調海鮮菜式，每天會到漁市場採購本地海產，以香料烹製的燻魚尤其不能錯過。菜單設約二十種定期更換的小吃，如果想分享，不妨預訂北海道喜知次海鮮飯、羊肚菌鹽焗雞飯等菜式，又或向店員查詢當天的菜單。。。
我想食法國菜，你有冇邊間推介呀？,你可以考慮吓La Brasserie，呢間餐廳這家法國餐廳格調高雅，設有獨立的甜品櫃檯，陳列着每天新鮮製作的法式糕點。菜單網羅各式法式經典菜式，從馬賽魚湯、煙燻三文魚等海鮮，至肝醬等肉類美食，應有盡有且份量充足，適合分享。酒單上更不缺杯裝葡萄酒選擇。用餐氣氛舒適自在，加上友善的服務態度，為餐飲體驗增色不少。。。
我想食時尚法國菜，你有冇邊間推介呀？,你可以考慮吓Feuille，呢間餐廳法國主廚David Toutain首間在海外開設的餐廳，名字取自法文的「葉子」。採用本地生產及有機農場的食材，結合法式烹飪手法，炮製出蔬菜為主的時令美饌。品嘗菜單以植物的生命週期為主題，分為「穀物和種子」、「根莖葉」、「花和水果」及「起源」四個部分，小茴香雞蛋甜粟米、Feuille麵包和炭燒龍蝦等均值得期待。。。
我想食創新菜，你有冇邊間推介呀？,你可以考慮吓Vea，呢間餐廳開放式廚房和櫃枱座位佔據餐室的主要位置，安坐此處可一睹廚師團隊揮灑自如的烹調過程。主廚採用中式及本地食材，結合現代法式烹飪技巧，展現中法聯乘的烹飪理念。他亦從自己的童年回憶和香港飲食文化獲取靈感，創作出八道菜的品嘗菜單，每道菜各有不同故事，滿載巧思。雞尾酒配搭饒富創意，值得一試。。。
我想食時尚意大利菜，你有冇邊間推介呀？,你可以考慮吓Noi by Paulo Airaudo，呢間餐廳大廚Paulo Airaudo與年輕主廚Luigi Troiano聯手，以現代烹飪技巧呈現意式美食。逾十道菜的套餐以每天直送自日本的海鮮為主，並會根據時令，每兩三個月更換食材。以北海道赤海膽配豌豆煮成的蒸蛋，味道出眾，是招牌之作；炭烤藍龍蝦亦同樣出色。葡萄酒配搭令用餐體驗更加完美，令人一試難忘。。。
我想食時尚法國菜，你有冇邊間推介呀？,你可以考慮吓Caprice，呢間餐廳古典優雅的裝潢富有格調，佐以醉人海景及貼心專業的服務，令用餐體驗盡善盡美。不妨先到酒吧呷杯雞尾酒，再享用各種法式美食。午膳提供四或五道菜的套餐，晚膳則有兩款各七道菜的菜單供選擇。不論何時到訪，都能體驗到廚師將高級食材發揮到極致的精湛烹調技巧。芝士和餐酒的選擇極為豐富，同樣不容錯過。。。
我想食創新菜，你有冇邊間推介呀？,你可以考慮吓永，呢間餐廳採主廚名字其中一字的中、英文拼湊成餐廳標誌，正反映其中、西交融的核心概念。套餐運用了大量本地及中式食材，以歐陸式烹調手法呈現中菜精髓。當中不乏創新配搭，也有經重新演繹的主廚經典創作。餐廳於每晚零時零分開放一個月後新一天的訂座，若想一試主廚手藝，務必準時登入網頁預約。。。
我想食時尚歐陸菜，你有冇邊間推介呀？,你可以考慮吓Whey，呢間餐廳乳清是芝士製造過程中的副產品，餐廳以「Whey」命名，表明其物盡其用、支持可持續發展的決心。來自新加坡的主廚採用本地時令食材和有機農作物，把家鄉特色融入當代歐陸菜式之中。品嘗菜單滿載新加坡風味，招牌法式麵包配黑果醬令人回味，貓山王榴槤雪糕更是主廚的自傲之作，巧妙配搭魚子醬，為味蕾帶來驚喜。。。
我想食日本菜，你有冇邊間推介呀？,你可以考慮吓Godenya，呢間餐廳位置隱蔽，須由The Wellington旁的樓梯往上走進內街方可到達。其門面和內部設計同樣簡潔，設有以百年樹齡的柏木製成的六人長桌，亦備有包廂。提供割烹風格的主廚發辦套餐，食材九成來自日本，菜單和食材均能反映當季獨有風味。廚師熟知日本清酒的特色，會按菜式調整酒品的溫度，以突出其風味。。。
我想食壽司，你有冇邊間推介呀？,你可以考慮吓鮨．齋藤，呢間餐廳餐廳由日本大廚齋藤孝司監督，雖已開業逾年，但人氣持續高企，經常一位難求。要成功入座，必須在特定日子致電訂座熱線。成功訂座的幸運兒，才有機會於柏木製造的壽司枱前就座。廚師以秋田及長野的米混合煮成壽司飯，結合頂級時令海產、鹿兒島泉水和特製醬醋製作壽司，每一件都值得細味品嘗。。。
我想食時尚法國菜，你有冇邊間推介呀？,你可以考慮吓Louise，呢間餐廳選址在具歷史價值的前已婚警察宿舍，室內飾以復古牆紙、水晶燈飾等，重塑三十年代殖民地風情。餐廳由法籍廚師Julien Royer監督，客人不妨先在樓下的酒吧淺酌，然後到樓上的主用餐區，享用選料上乘、賣相精緻的法式菜餚。其中，冷肉批、鴿胸配鴨肝及適合分享的烤本地三黃雞均值得一試。亦有侍酒師提供配酒服務。。。
我想食麵食，你有冇邊間推介呀？,你可以考慮吓九記，呢間餐廳開業於三十年代的九記深得食客支持，每天自十二時起，即使店舖還未正式營業，來自世界各地的食客都已整裝待發在門外輪候，午膳時間尤其擠擁。店內陳設簡單，進餐時要和其他人共用餐桌。歷久不衰的食物當然要數清湯牛腩，而咖喱牛腩亦不乏老饕捧場，配上更能掛湯的伊府麵，滋味無窮。。。
我想食粵菜，你有冇邊間推介呀？,你可以考慮吓大班樓，呢間餐廳大班樓於2022年遷址，並更改訂座方式，食客需按公佈於指定日子到網站登記，可說一位難求。廣受老饕支持，全因餐廳講究食材質素，一直自小型供應商和本地漁民取貨，配合扎實的烹調技巧，展現傳統粵菜精粹，雞油花雕蒸大花蟹為招牌菜式。雖只供應套餐，但選項甚豐，並因應時令調整，客人須提前以電郵提交選項。。。
我想食粥麵，你有冇邊間推介呀？,你可以考慮吓正斗粥麵專家，呢間餐廳坐落於機鐵站上蓋，這家粥麵店每天接待逾千個顧客，當中大部分是在附近工作的上班族，繁忙時間到訪，便要有排隊久候和拼桌的準備。店內的招牌鮮蝦雲吞麵和乾炒牛河都是受歡迎之選。此外，生猛大蝦粥亦值得一試；若喜歡一盅兩件，餐廳亦供應多款點心。有別於傳統粥麵店，室內設計時尚舒適。。。
我想食拉麵，你有冇邊間推介呀？,你可以考慮吓麵鮮醬油房周月，呢間餐廳周月與別不同之處，在其以醬油為湯底的神髓：採用逾一百四十年歷史的愛媛縣梶田商店特製的醬油，配合沙丁魚粉、鯖魚粉及海帶長時間慢火熬製，味道更醇厚豐富。與日本店一樣，香港店設有製麵房，每天新鮮製造兩款粗幼不同的麵條。除了湯拉麵外，還供應沾麵，麵條有不同份量選擇。。。
我想食粵菜，你有冇邊間推介呀？,你可以考慮吓口利福，呢間餐廳餐廳裝潢風格大膽：以麻將和招財貓點綴牆身，地庫掛有中西合璧的藝術品，加上背景響起的八十年代金曲，整室洋溢着熱鬧氣氛。菜單囊括傳統廣東菜及創意菜式，主廚巧妙地在經典菜餚中施以細微變化，令口味提升，例如用上沙薑製成的薑蓉來配搭脆皮三黃雞。部分菜式需提前預訂。。。
我想食天婦羅，你有冇邊間推介呀？,你可以考慮吓廣尾內津，呢間餐廳裝潢採用傳統日式風格，木製桌椅營造出柔和溫暖的感覺，板前座位更面向按季節轉換的綠色生態缸，加倍閒適。提供以海鮮為主的天婦羅套餐，選取逾十款來自日本的當造食材，當中包括分量充裕的海膽以及當季鮮蝦，並以日本棉籽油與芝麻油烹調。晚市提供具有香港特色、以米紙包裹燕窩的炸物，值得一試。。。
我想食粵菜，你有冇邊間推介呀？,你可以考慮吓龍景軒，呢間餐廳坐擁維港美景，餐廳從世界各地搜羅優質食材，為傳統粵菜注入不一樣的元素，加上出色的烹調手法，令其一直深受粵菜愛好者歡迎。除了主菜單，亦因應時令供應當季菜式。各款燉湯用料豐富，不容錯過；若於午市到訪，不妨試試精美的點心。侍酒師會為客人提供餐酒建議，不嗜酒的朋友也不乏茶品選擇，當中包括有機凍汽茶。。。
我想食時尚法國菜，你有冇邊間推介呀？,你可以考慮吓Belon，呢間餐廳搬遷後一改以往的小酒館風格，裝潢更加亮麗高檔。主廚擅於以法式烹調技巧料理本地時令食材，他不僅重新構思餐廳的經典菜餚，更推出多款全新菜式。廚房前設四人吧檯座位，讓食客一邊欣賞烹調過程，一邊享用包含餐酒配搭的精選四人菜單，惟須預約。單點菜單則提供烤全雞等招牌菜，適合多人分享。。。
我想食日本菜，你有冇邊間推介呀？,你可以考慮吓瑞兆，呢間餐廳主廚曾於銀座工作，與當地漁販關係良好，優質食材每天由日本直送到港。午市提供嘗味套餐及廚師發辦套餐，晚市則只供應一款廚師發辦套餐。來自鹿兒島薩摩的牛腰脊肉味香濃，是店裏的招牌菜。同樣值得一試的還有薩摩和牛配慢煮蛋黃，蛋香濃郁，牛肉入口即化。可向服務員查詢清酒配搭。需提早訂座。。。
我想食越南菜，你有冇邊間推介呀？,你可以考慮吓Brass Spoon，呢間餐廳這小小的麵店選址於寧靜的街區上，供應的是地道的越式河粉。於法國習廚的主廚兼店東注重細節，湯底以牛小腿骨熬煮逾十六小時而成，味道濃郁。設不同級別的美國牛肉供選擇，也可添加牛筋、牛柏葉、牛丸和扎肉等配料。菜單也有各種越式小食，如春卷和蒸粉卷等。小店頗受歡迎，要有排隊的準備。。。
我想食粵菜，你有冇邊間推介呀？,你可以考慮吓家全七福，呢間餐廳環境富麗堂皇，名稱則包含了東主父親的名字及其在兄弟中的排序，也有傳承父親廚藝之意。東主自十四歲跟隨父親習廚，以烹調高級功夫粵菜為長。其中，花膠燴雞絲羹用料豐富，令人齒頰留香。招牌菜大紅片皮乳豬以炭火烤製，油香四溢。菜單上亦有不少傳統菜式，如雞子戈渣、陳皮蒸牛肉餅等，皆值得一試。。。
我想食寧波菜，你有冇邊間推介呀？,你可以考慮吓甬府，呢間餐廳為集團於香港開設的首家分店，高聳樓底配上水晶燈和玻璃魚形裝飾，像在海洋中熠熠生輝。主打東海海鮮，大多從寧波每天新鮮運抵，配搭本地上乘食材，炮製出富傳統風味的寧波菜。菜單上可見工序繁複的手工菜式，推薦招牌菜十八斬，以秘製醬汁醃製，肉質鮮甜，蟹膏豐膄。設最低消費，宜先查詢並預訂菜式。。。
我想食滬菜，你有冇邊間推介呀？,你可以考慮吓留園雅敘，呢間餐廳開業多年的留園雅敘環境素淨優雅，擁有不少忠實顧客，當中不乏一眾老上海，侍應亦會親切地以流利上海話為客人點菜。菜單網羅各式正宗滬菜，不論是清炒蝦仁、松子桂魚或紅燒元蹄等經典小菜，還是需預訂的鮑魚紅燒肉和小米刺參雞湯，均呈現上海菜的大器風格。推介花雕醉乳鴿，皮爽肉嫩，吃罷濃郁酒香溢滿口腔。。。
我想食粵菜，你有冇邊間推介呀？,你可以考慮吓坤記煲仔小菜，呢間餐廳裝修帶有濃烈的香港風情，除了供應傳統港式小炒，晚上亦提供煲仔小菜及煲仔飯。其馳名煲仔飯混以三種米，烹調時瓦煲底的油滲進米粒內，令米飯特別香滑軟糯；控制得宜的火候則令香脆可口的飯焦得以形成。由於製作需時，建議到店後先選好煲仔飯，再慢慢挑選其他鑊氣十足的煲仔小菜。。。
我想食粵菜，你有冇邊間推介呀？,你可以考慮吓萬豪金殿，呢間餐廳室內設計以中式庭園為主題，牽牛花玻璃吊燈充滿特色。菜單包括自家製點心、生猛海鮮和精緻粤菜，傳統與創新兼備。貴妃叉燒選用西班牙黑毛豬，肉質纖細，香味濃郁。杏仁濃湯煎花膠外脆內軟；金殿花膠鮮魚湯由三種魚熬煮而成，鮮甜味美。不妨以世界各地的美酒配搭佳餚，部分菜式需提前預訂。。。
我想食意大利菜，你有冇邊間推介呀？,你可以考慮吓Giando，呢間餐廳意籍廚師Gianni Caprioli名下餐廳眾多，此店可視為其珍寶，自有其因由。位處鬧市中的寧謐一隅，別有洞天，室內設計精巧富心思；戶外座位氣氛輕鬆，適合用餐或淺酌。菜單中網羅意大利各地區的特色風味菜式，推薦招牌自製捲意粉及米蘭式小牛扒。酒單由身兼侍酒師的釀酒師設計，包羅多樣的意國佳釀，不妨細酌一番。。。
我想食創新菜，你有冇邊間推介呀？,你可以考慮吓Tate，呢間餐廳灰褐、淡粉紅、磨砂金三種色調拼湊出餐室細膩、優雅的氛圍。晚市的八道菜套餐選用西班牙海鱸魚、本地三黃雞、澳洲和牛等優質食材，在法國料理基礎上加入中式元素，每道菜都精緻無比。只在周五、六午膳供應的六道菜套餐，菜式與晚間截然不同，帶來另一種體驗。除了餐酒配搭服務，亦提供雞尾酒和清酒。。。
我想食雞肉串燒，你有冇邊間推介呀？,你可以考慮吓Yardbird，呢間餐廳餐廳人流不絕，建議於網上訂座，否則須排隊等候。其二十多款串燒選用本地三黃雞，除了常見的雞胸、雞翼、雞皮等，也提供雞心房、甲狀腺等珍奇部位。特別推介伴以醬油和蛋黃的雞肉丸，其表面烤至香脆且帶備長炭的誘人香氣。酒品種類繁多，包羅日本威士忌、清酒及雞尾酒。。。
我想食法國菜，你有冇邊間推介呀？,你可以考慮吓珀翠，呢間餐廳璀璨奪目的水晶吊燈、高貴的絨布簾幕與一絲不苟的餐桌佈置，讓餐廳披上了奢華的巴黎沙龍外觀，窗外美不勝收的海景更是錦上添花。餐單上供應的是經典法國菜，廚師團隊搜羅來自法國及全球各地的名貴材料，並以出色的技巧演繹。酒窖內的佳釀多不勝數，包括多個自1928年起產自珀翠酒莊的年份葡萄酒。。。
我想食粵菜，你有冇邊間推介呀？,你可以考慮吓夏宮，呢間餐廳以北京故宮為設計靈感：大紅色餐椅配搭中式屏風，並飾以絲綢畫作、雕塑和水晶吊燈，營造出宮廷氣派。菜單包羅傳統廣東名菜，出品水準穩定，招牌菜包括沙薑豬腳仔、蠔皇吉品鮑魚、脆皮炸子雞、各式燉湯等，部分須提早預訂。除了經典菜式，季節菜單和午市供應的點心也深受食客喜愛，午市經常一席難求。。。
我想食創新菜，你有冇邊間推介呀？,你可以考慮吓摩，呢間餐廳選址滿佈特色古玩小店的摩羅街，餐廳名字亦與之呼應。室內裝潢以米色為主調，並大量採用弧形設計，整體氣氛舒適和諧。料理則以黃豆為中心，廣泛使用豆瓣、腐皮、豆漿、豆豉等各種黃豆製品，糅合歐陸烹調技巧，呈現風味獨特、質感豐富的菜式。菜單隨季節變更，當中，麻婆豆腐是這裏的標誌菜式。。。
我想食時尚法國菜，你有冇邊間推介呀？,你可以考慮吓Racines，呢間餐廳兩位主廚來自法國南部，曾共事多年，他們以家族食譜帶領客人踏上美食之旅，正正貼合Racines在法文解作「根」的意思。餐廳採用法國及本地的時令食材，並在經典法式料理融入現代元素，菜式精緻細膩。午餐僅在週末供應，晚市提供五或七道菜的套餐，並隔月更換。建議訂座，惟不招待十一歲以下兒童。。。
我想食越南菜，你有冇邊間推介呀？,你可以考慮吓Mâm Amis，呢間餐廳牆上的越南風景畫，加上復古吊燈和藤編椅子，令人彷彿置身在越南的老房子。廚師團隊也來自當地，菜式風味地道，包括具特色的碳烤和湯粉，亦有提供素食菜式。推薦碳烤河蝦，選用彈嫩鮮甜的越南蝦，烤得焦香四溢。湯粉品種多樣，湯底滋味且分量充足。咖喱辣蟹和越南烤豬適合多人分享，但須提前預訂。。。
我想食越南菜，你有冇邊間推介呀？,你可以考慮吓Ăn Chơi，呢間餐廳小店由夫妻二人主理，亮黃色牆面、彩色膠椅、斗笠等都極具越南風情。菜單以當地小吃為主，包括配料豐富的法包，也有每天轉換地域風格的越南粉。此外，姜公呂望烤魚也值得一試，廚師在傳統上加以改良，以比目魚配上自製的發酵魚醬，風味獨特。雞蛋咖啡和越南精釀啤酒充滿地方特色。如不欲排隊建議提早到埗。。。
我想食川菜，你有冇邊間推介呀？,你可以考慮吓井巷子，呢間餐廳曾於成都受訓的主廚烹調風格糅合現代元素，並擅長運用世界各地的食材，例如西班牙向日葵甘栗豚、鹿兒島A5和牛、斯里蘭卡肉蟹等，帶來不一樣的川菜體驗。其招牌菜成都清湯水煮黑珍珠，以豬骨湯取代紅油湯底，味道不失麻辣，但較傳統做法清爽，也能帶出魚肉的鮮甜。小菜如混椒肥腸亦非常出色。。。
我想食滬菜，你有冇邊間推介呀？,你可以考慮吓蘇浙滙，呢間餐廳作為上海著名餐飲集團的首家香港分店，餐廳的裝潢雅致，特高樓底配上引人注目的吊燈，別具氣派。廚師團隊注重選料，從內地搜羅優質食材，以時尚手法演繹傳統上海菜式及點心。其中小籠包外皮透薄而湯汁豐富，不容錯過。此外，季節菜單也羅列不少富地方色彩的菜餚。。。
我想食時尚法國菜，你有冇邊間推介呀？,你可以考慮吓L'Envol，呢間餐廳水晶吊燈、上等木材和雲石佈置，塑造出優雅的環境，開放式廚房讓人一窺法國主廚的手藝。服務無微不至，帶來精緻難忘的用餐體驗。僅提供套餐，皆以海鮮為主，不過菜單內容不時更新。當中，以日本海膽及法國小紅蝦製作的北海道海膽盒鮮味可口，絕不能錯過。獨家代理多款餐酒，並設杯裝，不妨向侍酒師查詢。。。
我想食粵菜，你有冇邊間推介呀？,你可以考慮吓潤，呢間餐廳有別於一般粵菜餐廳，室內設計呈現歐陸風格，既舒適又優雅。主廚洪志光師傅以傳統粵菜烹調技巧，配合環球優質食材製作佳餚，口味亦會隨時令變化。菜單中不乏創新、精緻的菜式，例如薑蔥蝦乾焗鮮蟹鉗伴千層造型精緻，鮮味十足。同時提供素食及無麩質套餐。侍酒師和茶師均服務專業，令用餐體驗錦上添花。。。
我想食街頭小吃，你有冇邊間推介呀？,你可以考慮吓品味，呢間餐廳這外賣店由居港多年的越南店主開設，主打越式法包，提供五款配料組合，如越南進口的扎肉、肥瘦相間的叉燒等，法包每日新鮮烘焙，口味地道。另有撈檬和越南咖啡供應。。。
我想食燒味，你有冇邊間推介呀？,你可以考慮吓甘牌燒鵝，呢間餐廳祖父輩創業至今逾七十年，店舖深受食客喜愛，門前常見人龍。櫥窗前掛滿色澤油亮的傳統廣式燒味，以家傳秘方炮製的甘氏燒鵝為鎮店之寶。此外，燒乳豬、鵝掌、鵝肝等滷水食品和入口即化的鵝紅亦不容錯過；佐以鵝油製作的太子撈麵香氣四溢，教人欲罷不能。菜式琳瑯滿目，如果想多嘗幾款，建議偕親友共往。。。
我想食泰國菜，你有冇邊間推介呀？,你可以考慮吓泰麵，呢間餐廳位於地標藍屋旁邊，餐室以舊傢具、古老小販檔陳設、泰式鐵標牌裝飾，充滿懷舊泰式風情。熱愛泰菜的主廚望透過街頭小吃呈現泰國風味。逾半食材每天由當地直送到店。招牌船麵不容錯過，湯底於早上開始製作，經六小時熬製，滋味濃郁。愛甜品的不妨一嘗泰式椰子雪糕。店外人龍不斷，繁忙時段宜提早前往。。。
我想食粵菜，你有冇邊間推介呀？,你可以考慮吓御寶軒，呢間餐廳御寶軒在香港的首家分店選址在九龍半島地標北京道一號，坐擁無敵維港兩岸景色，加上時尚中帶點中國風的設計－－水泥牆上的立體陶瓷鯉魚和樑柱上的書法－－令人悠然神往！廚房內附設魚缸，每天都有鮮活的海鮮供應。脆米海鮮浸東星、糯米釀脆皮乳豬及胡椒炒蟹是招牌菜。。。
我想食時尚法國菜，你有冇邊間推介呀？,你可以考慮吓Épure，呢間餐廳新任主廚來自新加坡，曾在亞洲、歐洲等地的知名餐廳工作，擁有多年烹調高級法菜的經驗。他選用日本以至世界各地的優質食材，並將日本元素融入法式菜餚之中。午、晚市設有不同的精選套餐，味道出眾而不花巧，不妨佐以經過精心配搭的餐酒。餐廳位處購物熱點，逛累了不妨到餐廳附設的咖啡廳享用下午茶。。。
我想食湘菜，你有冇邊間推介呀？,你可以考慮吓書湘門第，呢間餐廳廚師團隊來自湖南，廚藝基礎扎實，出品風味正宗，尤其炒煮菜式鑊氣十足。大部分食材同樣由湖南進口，例如從農戶採購而來的煙燻臘肉和各種辣椒。推介菜式包括經四個工序以十小時製作的霸王肘子，還有攸縣香乾炒肉、乾鍋有機花菜等。部分食物設不同辣度，即使不能吃辣也能享用美食。。。
我想食新疆菜，你有冇邊間推介呀？,你可以考慮吓巴依，呢間餐廳開業多年，標誌性的巨型絲路圖始終佔據着店中央的顯眼位置。同是新疆人的廚師團隊與店主合作無間，一直堅守着同一使命：為客人提供地道而優質、價錢相宜的正宗新疆菜，當中不乏羊肉特色菜，如手抓肉、羊肉串燒和足夠二人享用、需預訂的烤羊腿等。此外，大盤雞和酸奶也值得一試，店主更不時加入新菜式。。。
我想食台州菜，你有冇邊間推介呀？,你可以考慮吓新榮記，呢間餐廳新榮記把台州風味帶來香港，堅持採用優質新鮮的材料，尤其推崇東海海鮮。烹調上着重原汁原味，僅以薑、葱、蒜配合簡單調味料，帶出食物自身味道。除了家燒黃魚、黃金脆帶魚、家燒蘿蔔等招牌菜式，亦提供多款時令菜餚，當中包含一些具地方色彩的口味和組合。部分菜式須提前預訂。。。
我想食時尚歐陸菜，你有冇邊間推介呀？,你可以考慮吓Auor，呢間餐廳新加坡主廚堅持親自製作每道佳餚，巧妙地融合歐陸菜式及亞洲精髓，同時不忘加入其家鄉元素。採用世界各地的時令食材，晚市菜單內容隨四季更迭，表達對生命循環不息的讚頌；午市菜單每月變更，風格相對輕鬆隨意。青咖喱龍蝦為主廚得意之作。用餐環境舒適，葡萄酒種類齊全，加上親切友善的服務，令人感到賓至如歸。。。
我想食粵菜，你有冇邊間推介呀？,你可以考慮吓金紫荊生記，呢間餐廳於2021年開始由生記接手營運，廚房團隊以新鮮、優質食材及時令海鮮，炮製口味地道的粤菜及精美點心。菜單上除了生記四十多年來的傳統招牌菜式，更加入限量供應的懷舊手工菜，如金錢雞和香葱海鹽煎馬友，後者以整條馬友起肉去骨製成，調味出色，十分可口。餐廳毗鄰金紫荊廣場，坐擁醉人維港美景。。。
我想食歐陸菜，你有冇邊間推介呀？,你可以考慮吓Cafe Bau，呢間餐廳由大廚梁經倫監督的新餐廳，以香港老照片作裝飾，佈局有如舊式小酒館，加上衣著優雅的服務員貼心接待，氣氛舒適自在。三道菜套餐走經典路線，如想嘗試以現代烹飪手法詮釋的菜品，不妨選擇八道菜套餐。菜式中大量採用本地食材，例如來自流浮山的蠔、本地蔬果和醬料等。客人可在吧檯用餐，品嘗特調的雞尾酒。。。
我想食意大利菜，你有冇邊間推介呀？,你可以考慮吓Lucale，呢間餐廳由兩位意籍大廚聯手經營，店內的肉類、芝士、餐酒等都由意大利空運到港，藉此帶給客人最地道的家鄉美食。特別推介自家製的意大利粉，尤其是配搭羊奶芝士和核桃麵包碎的黑松露意粉，香氣四溢，口感恰到好處。酒單豐富，且價格合理。美酒佳餚兼備，餐廳即使藏身於街巷裏，依然不乏捧場客。。。
我想食粵菜，你有冇邊間推介呀？,你可以考慮吓船記，呢間餐廳餐廳於2021年底開業，供應點心、燒味和懷舊手工菜等經典粵菜，且由擁數十年經驗的師傅主理。點心每日新鮮製造，即叫即蒸，並供應至下午。推介晶瑩剔透的韭黃鮮蝦腸。和哥叉燒選用上乘的脢頭肉製作，肥瘦得宜，是另一款必吃菜式。午市套餐非常實惠。如欲品嘗海鮮等菜式，建議提前查詢及預訂。。。
我想食粵菜，你有冇邊間推介呀？,你可以考慮吓生記飯店，呢間餐廳創立於1976年的生記一直供應傳統粵菜，於2024初遷至新址，不變的除了親切的服務，菜單上依舊是一道道經典廣東美食，賣相毫不花巧，也不以豪華食材作賣點，卻見扎實的烹調技巧，令人回味無窮。部分菜式如招牌古法鹽焗雞、上湯枸杞浸豬膶、家鄉缽仔焗魚腸等每天限量供應，建議預留。。。
我想食粵菜，你有冇邊間推介呀？,你可以考慮吓天龍軒，呢間餐廳高踞全港最高大樓的102樓，這間粵菜餐館以天龍為名，不論位置與佈局都極具氣派。裝潢以紅木為主，樓高兩層的落地玻璃窗不但令餐廳光線充沛，更把維港的醉人景色盡收眼底；殷勤的服務人員讓你倍感親切。菜單着重傳統菜式，值得一試的有原個椰皇花膠燉雞，以及需提前預訂的蜜燒西班牙黑豚肉叉燒。。。
我想食街頭小吃，你有冇邊間推介呀？,你可以考慮吓祥興記，呢間餐廳必點的上海生煎包設有招牌、鮮蝦、麻辣、蟹粉等口味，皮薄餡滿，包底煎得香脆，一口咬下湯汁流溢，鮮美可口。惟不設座位，客人可於店外的小桌站着享用。。。
我想食壽司，你有冇邊間推介呀？,你可以考慮吓Sushi Wadatsumi，呢間餐廳於2021年移師至九龍，備有一個可容納八人的房間，非常適合聚餐。僅提供單一江戶前壽司套餐，然而物超所值。飯糰以山形縣的米配搭特別調味的淡赤醋，並根據季節和食材調整兩者比例，令壽司味道達致平衡。除了來自日本的野生魚和手釣魚，廚師也會按季節和水溫來挑選環球上佳漁獲，務求以最佳食材奉客。。。
我想食意大利菜，你有冇邊間推介呀？,你可以考慮吓Tuber Umberto Bombana，呢間餐廳這是大廚Bombana創造松露盛宴的舞台。餐廳以1920年代裝飾藝術風格設計，每個細節都奢華細緻，開放式廚房更為客人呈現整個烹飪過程。僅提供一款品嘗菜單，但運用了採購自世界各地的時令食材，例如用上大紅蝦的手工扁意粉，蝦頭的濃郁鮮甜令人一試難忘。菜單定期更新，並設有餐酒配搭。。。
我想食粵菜，你有冇邊間推介呀？,你可以考慮吓利苑酒家，呢間餐廳要數灣仔區的出色粵菜食府，當然少不了利苑的份兒。餐廳總是座無虛席，午市尤其人聲鼎沸，建議提前訂座。此店菜單與其他分店相若，包含珍饈百味與經典粤式小菜，也有巧手精製的點心，種類繁多，食客定能找到心頭好。若喜愛品嘗海鮮，不妨預訂特別的海產，如阿拉斯加蟹和法國藍龍蝦等。。。
我想食滬菜，你有冇邊間推介呀？,你可以考慮吓夜上海，呢間餐廳佔地兩層，昏暗的燈光配上深色木材，散發着三十年代老上海的味道，用餐環境舒適。廚師廚藝精湛，選用中國各地的新鮮食材，重新演繹一系列上海及江浙名菜。除了花雕醉雞、清炒河蝦仁、蟹粉釀蟹蓋等必吃菜式，蒜泥白肉也值得品嘗：薄切五花肉味道香濃，口感爽嫩，蒜泥和醬油味道得宜，非常惹味。。。
我想食浙江菜，你有冇邊間推介呀？,你可以考慮吓浙江軒，呢間餐廳餐廳由浙江人經營，佔地三層，外牆是大幅浙江風景圖，室內則以中式裝飾元素帶出古典風情。多款浙江及上海美食不容錯過，例如講究刀功的搶虎尾，其肉質爽口彈牙，值得提早預訂；還有廚師引以為傲的清蒸鰣魚。各式包點也值得一試。菜單尚有隨季節更替的時令佳餚及多款素食菜式。殷切服務令用餐體驗更稱心。。。
我想食粵菜，你有冇邊間推介呀？,你可以考慮吓美味廚，呢間餐廳美味廚供應各式廣東小菜，如陳皮蒸手剁牛肉餅和魚香茄子煲等，小菜套餐包括湯品、白飯和甜品，經濟實惠。另外，火鍋同樣深受食客喜愛。不但有多款火鍋湯底可供選擇，配料選項亦同樣豐富：海鮮、和牛、不同口味的自製肉丸等。餐廳內的卡座設備齊全，拉下布幕即成私密度高的私人廂座。。。
我想食粥麵，你有冇邊間推介呀？,你可以考慮吓靠得住，呢間餐廳於灣仔扎根多年，靠得住的出品一如其名，從不令人失望。其粥品與別不同之處，乃採用魚湯作粥底，味道鮮美。粥品配料選擇繁多，特別推薦心肝寶貝粥。同時也供應多元化的食品，其中鹹肉粽、爽脆鯇魚皮和炸雲吞也值得一試。精選套餐更有不同的配搭。餐室簡潔光亮而舒適。。。
我想食馬來西亞菜，你有冇邊間推介呀？,你可以考慮吓莎巴，呢間餐廳曾在灣仔屹立十八年，暫別三年後，由原有廚師班底於原區重開。雖然餐牌較以往精簡，不過滋味不變，仍供應肉骨茶、海南雞飯、巴東牛肉、海鮮喇沙等馬拉美食。其中，招牌海南雞飯的雞皮爽滑，肉質軟腍嫩滑，配搭三色醬料和珍珠米油飯，味道香濃可口。餐牌持續更新，如有心儀菜式不妨向店家查詢。。。
我想食燒味，你有冇邊間推介呀？,你可以考慮吓波記，呢間餐廳波記在西環屹立四十多年，一碗美味的燒鴨腿瀨粉是不少居民的童年回憶。店內多款燒味均在店舖後的自家工場製作，很受區內居民歡迎，店外每天營業前已可見排隊人龍，燒肉往往在下午二時前售罄；而要一嘗其燒鵝，最好在四時前到達，否則可能會掃興。客人亦可預訂各款燒味，店主會因應取貨時間而燒製。。。
我想食粵菜，你有冇邊間推介呀？,你可以考慮吓天寶閣，呢間餐廳位於喜來登酒店內，餐室裝潢典雅堂皇，菜餚亦甚具水準。主廚擁有超過二十五年傳統粵菜經驗，功夫扎實。生於經營海味生意的家族使他對挑選和運用名貴海味食材別有一番心得，且擅於烹調以海味為題的菜式。除此之外，需預訂的黑松露薏米燒釀乳豬和魚子芙蓉蛋白龍蝦球均值得一試。。。
我想食瑞士菜，你有冇邊間推介呀？,你可以考慮吓瑞樵閣，呢間餐廳推開餐廳的木門，四周的木製裝飾讓人彷彿踏進了瑞士農舍。自1965年起瑞士美食的魅力在此得以展現，其傳統瑞士菜式與特選芝士系列，包括瓦萊州烤芝士（熱熔的芝士配馬鈴薯、醃洋葱及青瓜）或瑞士芝士火鍋均惹人垂涎，芝士火鍋更設有不同酒精濃度可供選擇。現任主廚生於瑞士，保證出品風味正宗。。。
我想食粵菜，你有冇邊間推介呀？,你可以考慮吓麗晶軒，呢間餐廳所在的酒店完成翻新，欣圖軒於2022年底改名為「麗晶軒」，並將入口遷回酒店大堂。裝潢以玉石為主題，精緻華美，遠眺窗外，更能細賞維港及香港島的美景。廚師團隊經驗豐富，他們以扎實技巧和上乘食材，製作出一道道傳統粵式佳餚。除了脆皮龍崗雞、脆釀鮮蟹蓋等經典菜式，午市點心同樣值得一試。。。
我想食粵菜，你有冇邊間推介呀？,你可以考慮吓嘉麟樓，呢間餐廳古典風格的柚木地板，配襯東方地氈和彩色玻璃，以至一道道遵照傳統烹調而成的廣東菜，反映這家餐廳對傳統的重視。但另一方面，主廚亦為經典美食注入新思維，如加入蟹肉、蛋白同炒的乳香龍蝦球，或是以花入饌的時令菜式。午市供應的點心不容錯過。茗茶選項近三十種，餐室內更展出古董茶壺收藏品。。。
我想食滬菜，你有冇邊間推介呀？,你可以考慮吓鼎泰豐，呢間餐廳這家小籠包店於1958年在台灣創立，其分店至今遍佈多個亞洲城市。主打的上海小籠包以人手製作，材料新鮮，餡料充足，配以無色素及防腐劑的台灣米醋佐吃，美味非常。品牌特別注重品質及服務，也重視客人反饋，確保食物水準穩定。餐廳設多種座席，不論一人用膳或多人聚餐，均能照顧周到。。。
我想食粵菜，你有冇邊間推介呀？,你可以考慮吓唐閣，呢間餐廳開業逾三十年，各款粵式佳餚均由經驗豐富的廚房團隊主理，食物水準不言而喻，難怪能吸引食客再三前往。其北京片皮鴨、三葱爆龍蝦、釀焗鮮蟹蓋皆深受歡迎，用料十足的湯羹更加不容錯過。在等待美食的時候，不妨欣賞四周高雅的布藝裝飾、一絲不苟的餐桌佈置和一系列引人入勝的藝術品。。。
我想食創新菜，你有冇邊間推介呀？,你可以考慮吓Mosu，呢間餐廳餐室設計簡約，以灰色水泥牆面配合星光般的燈飾，落地玻璃外則是維港美景，氣氛柔和寧靜。廚師團隊以南韓人為主，主廚擁有多年法國菜經驗，曾效力於日本多間高級餐廳。多元的文化特色，加上從世界各地搜羅的食材，結合成充滿創意的菜式。菜單以套餐為主，並會不定期更新。。。
我想食法國菜，你有冇邊間推介呀？,你可以考慮吓吉地士，呢間餐廳穿過專用入口便會到達這家於1953年開業的傳奇食府。前身是酒店宴會廳，原來的典雅格調依舊保存，餐室內盡是酒店的珍藏品。主廚採用歐洲及日本的優質食材，以現代法式手法演繹菜餚，菜式如法國藍龍蝦伴番茄果仁醬不容錯過。想要一趟與眾不同的體驗，可預訂位於廚房內的「廚師之桌」。。。
我想食粵菜，你有冇邊間推介呀？,你可以考慮吓港灣壹號，呢間餐廳餐廳裝飾典雅，樓底高聳富空間感，落地大玻璃讓食客能飽覽維港景色，配上人工水池的潺潺流水聲感覺輕鬆舒適。各式粵菜由廚師團隊精心炮製，前菜桂花汁炸鮮冬菇甜而香脆，十分開胃；無錫燴波士頓龍蝦配上秘製酸辣醬汁，滿有特色。多款菜式設有輕怡分量。貼心服務令用餐體驗倍添寫意。。。
我想食意大利菜，你有冇邊間推介呀？,你可以考慮吓Trattoria Felino，呢間餐廳店面設計充滿意式風情，用餐氣氛輕鬆自在，適合朋友聚會。拿坡里主廚傳承祖母的食譜，為客人帶來家鄉味道。Carbonara Egg將蛋黃忌廉混合芝士及豬頰肉，再放入蛋殼之中，以創意再造經典。手工意粉同樣不容錯過，尤其是風味濃郁的和牛肉醬意粉。開業短短時間已成為城中熱門餐廳，建議提前訂座。。。
我想食街頭小吃，你有冇邊間推介呀？,你可以考慮吓第三代肥仔。
我想食粵菜，你有冇邊間推介呀？,你可以考慮吓新同樂，呢間餐廳廚師團隊經驗豐富，加上選材嚴謹、用料新鮮，俘獲一眾食客的味蕾。除了經典招牌菜百花脆皮乳豬件，鮮蘑菇焗釀蟹蓋、燒汁乾煏牛肋骨也值得一試。提供多款套餐，當中包括以進口食材糅合獨特創意的廚師推介美食。部分菜餚可按人數調整分量，靈活貼心。點心菜單恆常更換，新鮮感十足。。。
我想食粵菜，你有冇邊間推介呀？,你可以考慮吓太湖海鮮城，呢間餐廳太湖於八十年代開業，一直是區內馳名的酒家。其後遷到更舒適的現址後，食物質素依然維持一貫的高水準，加上價格實惠，難怪每天有逾千食客光顧。餐館精於烹調海鮮菜式，更設有不同時令海鮮優惠，讓食客能大飽口福；其廣東小菜亦值得細味，芝麻鹽焗雞、薑米鮮魚炒飯等都是招牌菜。。。
我想食粵菜，你有冇邊間推介呀？,你可以考慮吓翠亨邨，呢間餐廳翠亨邨早於1970年代在尖沙咀開業，菜式以傳統粵菜為主，如醬燒牛肋排、翠亨邨靚一雞及最暢銷的蜜汁叉燒；此外亦不乏順德菜式，以及注入現代元素的新創作，如黑魚子醬芒貴妃蝦球。在這裏，你可以透過大玻璃窗，欣賞廚師烹調各式佳餚的過程，視覺和味覺享受同時獲得滿足。。。
我想食時尚歐陸菜，你有冇邊間推介呀？,你可以考慮吓Roganic，呢間餐廳英國大廚Simon Rogan的首家海外同名餐廳，崇尚自然有機，不單裝潢綠意盎然，更提倡產地直送概念，大量選用新界農場的有機食材，並在店內栽種各式微型菜苗。午市套餐價格相宜，另有九道菜及十二道菜的嘗味套餐，菜式看似簡單但滋味滿溢。客人更可以在吧檯享用甜品以及時令雞尾酒，並設有無酒精餐飲配對。。。
我想食街頭小吃，你有冇邊間推介呀？,你可以考慮吓Twist & Buckle，呢間餐廳由兩位南美年輕人開設的西班牙油條(Churro)專門店，每天手工製作，炸至外脆內鬆。除了傳統肉桂口味，也提供手工醬料，甚或配搭牛奶雪糕、不同醬料及配料的新地杯，吃得人心花怒放。。。
我想食粵菜，你有冇邊間推介呀？,你可以考慮吓富臨飯店，呢間餐廳阿一鮑魚為已故老闆楊貫一的招牌菜，廚師團隊對此菜式絕不馬虎，採用日本乾鮑，由專人燜煮數天而成，其口感綿密，至今仍吸引本地食客以至世界各地人士慕名而來。菜單道道皆為粵菜經典，所需工序繁複，生煎東星斑、瑤柱焗釀蟹蓋等都展現出精湛廚藝。酒單琳瑯滿目，不妨請侍酒師作推薦，增添用餐樂趣。。。
我想食瑞士菜，你有冇邊間推介呀？,你可以考慮吓瑞士餐廳，呢間餐廳木傢具、小窗戶等元素令餐廳洋溢着瑞士高山小木屋的氛圍。店東兼主廚與全店職員共事逾廿載，食物和服務水準一直維持不變。餐廳選用優質的瑞士香腸、芝士、醃肉和肉品，牛面沙律、炸牛仔肉和薄切小牛肉伴蘑菇忌廉汁均不可錯過，當然還有以五種芝士混合櫻桃酒煮成的芝士火鍋。不妨選配瑞士美酒佐餐。。。
我想食意大利菜，你有冇邊間推介呀？,你可以考慮吓Involtini，呢間餐廳裝潢簡約優雅，建議選擇開放式廚房旁的座位，欣賞烹調過程。選用意大利原材料、每天新鮮製作的意粉一直是店內招牌，廚師於前一晚製作麵糰，讓其休息一晚後才製成麵條，口感特佳，意粉款式更會不時更替。推薦紅蝦意大利幼麵，濃郁的醬汁掛在彈牙的麵條上，配搭鮮甜的原隻加勒比海紅蝦，叫人回味。。。
我想食潮州菜，你有冇邊間推介呀？,你可以考慮吓德記，呢間餐廳於1990年開業，早期為大牌檔，現由第二代經營。店東凡事親力親為，每天親自到菜市場採購新鮮食材，間或會在廚房幫忙潮州老師傅打點廚務。這兒的胡椒豬肚湯獨特之處是採用馬來西亞和印尼兩種胡椒，滷水大鵝肝、脆皮糯米釀大腸及馳名蠔仔餅深得食客喜愛。傳統荷包鱔，需最少八位或以上才接受預訂。。。
我想食粵菜，你有冇邊間推介呀？,你可以考慮吓國金軒，呢間餐廳裝潢充滿現代感，在此享受糅合現代元素的廣東美食，可謂相得益彰。午市供應多達三十款精美點心，同時備有多款小菜，在傳統菜式中展示廚師的扎實功架，例如選用新鮮斑片烹調的宋嫂魚羹。餐廳亦會因應季節加入新菜式，持續為食客帶來新鮮感。設有侍酒師提供餐酒配搭建議。宜預先訂位以免撲空。。。
我想食粵菜，你有冇邊間推介呀？,你可以考慮吓富豪，呢間餐廳雖然位於商場內不顯眼位置，富豪多年來依然屹立不倒，足證正宗而不花巧的粵菜自有引人入勝之處。掌勺二十多年的廚師一直堅持用心烹煮傳統菜式，招牌菜阿翁鮑魚採用自家調製的鮑汁燜煮近二十小時，製作需時且考功夫；薑葱煎鹽香雞和方魚炒芥蘭亦值得一試；以砂鍋烹調的富豪炒飯更是不容錯過。。。
我想食街頭小吃，你有冇邊間推介呀？,你可以考慮吓時代豆業，呢間餐廳小店開業廿多年，主售中式糕點餅食，如傳統的缽仔糕、紅豆糕、芝麻卷、茶果，或較新式的糯米糍和斑蘭糕等，款式多樣，各有特色。。。
我想食街頭小吃，你有冇邊間推介呀？,你可以考慮吓Owl's。
我想食扒房，你有冇邊間推介呀？,你可以考慮吓Carna by Dario Cecchini，呢間餐廳餐廳位於精品酒店高層，落地窗帶來開闊視野，幾乎每個位置都可以欣賞到維港的迷人景色。Dario Cecchini為意大利著名的肉店店主，除了引入家鄉的肉品，也提供澳洲、美國、日本等地的牛扒，且遵從「從頭吃到尾」(Nose-to-Tail) 的烹調理念，將牛隻切割為18個部位。菜單上也有各種意式美食，酒單則涵蓋意大利多個產區的佳釀。。。
我想食街頭小吃，你有冇邊間推介呀？,你可以考慮吓強記美食，呢間餐廳小店於2021年由路邊攤搬至此舖位，用餐環境比以前更舒適。馳名的臘味糯米飯依舊料豐味美，煎蝦米腸粉、花生旺菜豬骨粥等小食的味道亦不亞從前，菜單選擇更豐富。。。
我想食扒房，你有冇邊間推介呀？,你可以考慮吓The Steak House，呢間餐廳位於重新開業的麗晶酒店內，採用落地玻璃和鏡面設計，可多角度飽覽維港景色。菜單網羅來自意大利、西班牙、韓國、日本、澳洲、美國等地的優質牛扒，也有由摩洛哥籍主廚處理的熟成牛扒，不妨向店員查詢。佐料方面，提供多款鹽品、醬汁和自家調製的芥末。此外，各式前菜、沙律、熟食冷肉、芝士等也琳瑯滿目。。。
我想食意大利菜，你有冇邊間推介呀？,你可以考慮吓Tosca di Angelo，呢間餐廳遼闊的天花、開放式廚房、巨型穆拉諾吊燈，以及102樓窗外的迷人海景，令餐廳閃耀華麗光芒。行政主廚來自意大利西西里，故菜單特別着重海鮮佳餚。套餐包含季節和招牌菜式，單點菜單雖然選擇不多，但款款皆盡顯意式烹飪傳統的風味。不要錯過自製意粉及藍龍蝦菜式。供應多款意大利美酒，不妨選之佐餐。。。
我想食印度菜，你有冇邊間推介呀？,你可以考慮吓Chaat，呢間餐廳名字在印地語中解作「舔」，寓意客人把桌上的食物一掃而空。新上任的主廚繼續製作印度各地的經典菜式，推介以土窯爐烹製的黑胡椒烤雞，配上特色雞尾酒和招牌飲品，全面體驗印度風情。名為Masala Room的玻璃房內擺滿香料，令人眼界大開。餐廳坐擁無敵海景及戶外陽台，並飾以印度藝術家創作的壁畫，視覺味覺皆得到滿足。。。
我想食順德菜，你有冇邊間推介呀？,你可以考慮吓彤福軒，呢間餐廳以現代順德菜為主，如生拆鮮魚羹、魚塘公煎焗魚嘴。餐廳對食材非常講究，使用本地優質材料，包括海釣船的海鮮、本地農場的蔬菜和香料，就連竹蒸籠，也是本地老店的出品。不妨一邊享用美食，一邊欣賞維多利亞港景色。但要注意晚餐時段設有服裝要求，最好預先查詢。。。
我想食粵菜，你有冇邊間推介呀？,你可以考慮吓悅，呢間餐廳於2021年底開業，由擁四十餘年經驗、曾效力知名粵菜餐廳的主廚執掌，供應各式精美的功夫粵菜，部分菜式坊間少見。廚師善用世界各地的優質食材，如阿拉斯加蟹、日本尖椒、台灣山蘇，同時亦在傳統菜式上加以改良，呈現金梅陳醋咕嚕肉等特色佳餚。菜單上亦提供一系列植物肉菜式，照顧不同客人的需求。。。
我想食街頭小吃，你有冇邊間推介呀？,你可以考慮吓廟街牛什，呢間餐廳小店開業多年，深受街坊歡迎。牛什包括牛肚、牛腸、牛膀和牛肺，可單點或選雜錦口味，亦設不同份量。每款牛什皆吸收了濃郁的湯汁，配搭甜醬、芥辣或辣椒醬，各有風味。。。
我想食粵菜，你有冇邊間推介呀？,你可以考慮吓逸東軒，呢間餐廳裝潢設計簡約，深色木材配上富情調的燈光，異於傳統中菜廳格調，反展現年輕型格。自1990年開業至今，廚師團隊一直為食客烹調傳統而精緻的粵菜，沒花巧噱頭卻以扎實的烹調功夫盡顯四時食材的鮮味。點心、燒味、小菜和老火湯均深得食客歡迎，不少人更愛於廂房以鮑魚燕窩套餐設宴款客。。。
我想食時尚中國菜，你有冇邊間推介呀？,你可以考慮吓壹玖捌叁，呢間餐廳這家位於大廈內的餐廳已開業十年，於2022年重新裝修，並邀得在英國習廚、有法菜背景的新總廚加盟。菜單以傳統中菜為基礎，結合法國菜的現代元素，反映香港中西薈萃的獨特風格，如拔絲伊比利亞豬咕嚕肉就是一例，其口感外脆內嫩，配搭香脆的油豆腐和豬皮，令人耳目一新。帶引人香氣的煙燻豉油雞亦不容錯過。。。
我想食粵菜，你有冇邊間推介呀？,你可以考慮吓彭慶記，呢間餐廳彭慶記開業至今已跨越廿多個年頭，現由第二代接手經營，依舊以懷舊手工粵菜作招徠，傳承經典滋味傳承。除了招牌生炒糯米飯及太史五蛇羹，加入臘腸的缽仔焗魚腸亦值得一試，油香以外還有淡淡的玫瑰露香氣，令人印象深刻。限量的薑葱魚鏢煲採用大魚下巴烹煮，也是不可錯過的菜式。座位數量不多，建議提前訂座。。。
我想食粵菜，你有冇邊間推介呀？,你可以考慮吓天外天，呢間餐廳坐落酒店頂層，天外天的室內設計出自名師手筆，既時尚又典雅；臨窗座位把維港醉人景致盡收眼底，更是叫人讚歎不已。菜單上的廣東菜式琳瑯滿目，而午市點心則富有創意，如阿拉斯加長腳蟹餃和蟲草花南澳帶子腸粉等，將進口高級食材與傳統特色融合，教人耳目一新。單人套餐設有素食選擇，充分照顧不同食客需要。。。
我想食街頭小吃，你有冇邊間推介呀？,你可以考慮吓佳佳甜品，呢間餐廳售賣多款傳統中式糖水，其中芝麻糊味道香濃，可加配料，如雞蛋或味道濃郁、入口軟糯的湯圓等，口感會更加豐富。白果薏米腐竹糖水亦值得一試。。。
我想食意大利菜，你有冇邊間推介呀？,你可以考慮吓Little Napoli，呢間餐廳老闆來自意大利拿坡里，食材均由其家鄉進口。薄餅即點即製，亦依照當地傳統，製成13吋大小，並放入由意大利進口的石窯以400度高溫烤烘，成品餅皮香脆，餡料多汁美味，其中以Margherita和微辣的Vesuviana口味較受歡迎。同時供應炸意式餡餅、焗意式三文治等美食。只設少量座位，若計劃於店內用餐，建議提早前往。。。
我想食街頭小吃，你有冇邊間推介呀？,你可以考慮吓方太糕品舖，呢間餐廳於2022年遷到廟街，繼續提供每天人手蒸製的中式糕點，包括缽仔糕、白糖糕等。其配方用糖量較少，質感軟彈，味道層次分明，其中又以芝麻卷的味道特別濃郁。。。
我想食街頭小吃，你有冇邊間推介呀？,你可以考慮吓西關老袓，呢間餐廳供應多款特色小食，兼具懷舊與創意，而且即點即製。推介西關瀨粉配黑毛豬油渣，自製的瀨粉口感軟糯，豬油渣則酥脆香濃。炸黑毛豬肉粽、爆炒XO醬蘿蔔糕也是必吃之選。。。
我想食粵菜，你有冇邊間推介呀？,你可以考慮吓農圃，呢間餐廳餐廳裝潢時尚，巨型水族箱延伸整道牆，引人注目。菜單以傳統手工菜為主，選用各式高級海味乾貨入饌，包括鮑魚、海參等處理工序繁複的食材，所炮製的優質粵菜一直深受客人愛戴。著名菜式包括古法糯米雞翼、鵝肝焗釀響螺和瑤柱鮑魚雞粒飯，皆值得一試。配合細心周到的服務團隊，令用餐體驗更稱心滿意。。。
我想食印度菜，你有冇邊間推介呀？,你可以考慮吓Leela，呢間餐廳裝修採用現代風格，且帶有強烈印度元素，另附設露台可供小酌。印度籍主廚經驗豐富，菜式囊括從北到南各個地域的特色風味，也添加了不少創新元素。餐廳自設特別訂製的土窯爐，建議嘗嘗別具風味的印度烤肉串。也別錯過這裏的鮟鱇魚咖喱，魚料隔天便從法國空運到港，其質地緊實，鮮味十足，適合多人分享。。。
我想食滬菜，你有冇邊間推介呀？,你可以考慮吓鼎泰豐，呢間餐廳鼎泰豐的銅鑼灣分店多年來廣受歡迎，輪候人潮不曾消減，全因廚房團隊注重食物質素，與供應商合作良久，確保餐廳水準始終如一。來此用膳必嘗小籠包，除了傳統口味，亦有黑松露、絲瓜蝦仁等特色選擇。餐廳還為初次光顧的客人提供進食小籠包的說明，非常周到。此外，原盅雞湯和紅燒牛肉湯麵亦值得一試。。。
我想食麵食，你有冇邊間推介呀？,你可以考慮吓麥文記，呢間餐廳麵店已走過一甲子歲月，雖然裝潢簡單樸素，仍深受食客歡迎。所用麵條以鴨蛋製作，蛋味香濃而麵質爽彈。鮮蝦雲吞以薄薄的雲吞皮包着滿滿的蝦肉，用料十足，口感一流。其雲吞麵分量小巧，不妨以南乳豬手佐餐。如果選擇撈麵，建議配蠔油拌勻食用，份外可口。亦有售賣手工炒製的蝦籽，供客人在家享用。。。
我想食台灣菜，你有冇邊間推介呀？,你可以考慮吓阿元來了，呢間餐廳創辦人來自台灣，部分材料由家鄉直送，以保持菜品的原汁原味。餐廳裝潢也充滿台灣元素，讓人恍如置身在當地夜市。招牌菜阿元魯肉飯香氣十足，手切滷肉肥而不膩。雙蛋蚵仔煎採用傳統做法，蛋香十足且口感煙韌。蒜泥白肉酸辣開胃，也值得一試。提供數十款台式飲品，餐後來一碗九份芋圓再滋味不過。。。
我想食粥麵，你有冇邊間推介呀？,你可以考慮吓何洪記，呢間餐廳何洪記是香港歷史悠久的麵家之一，自四十年代起在灣仔區營業，多年來其招牌雲吞麵憑着麵條彈牙、湯底鮮甜而口碑載道；其粥品也很出色。遷至商場後，設計變得時尚，座位也更舒適，但重視食品質素的經營方針始終不變，更增加了食物種類，除粥麵外，還供應點心和廣式小菜，難怪吸引到不少客人到此用膳。。。
我想食海鮮，你有冇邊間推介呀？,你可以考慮吓避風塘興記，呢間餐廳歷經三代，原址在銅鑼灣，其後才遷到尖沙咀現址，這家由祖父輩創辦的餐廳一直以避風塘特色小菜為賣點。廚房由弟弟掌舵，大家姐則負責領導服務團隊。海鮮每天新鮮進貨，供應有限，不妨於訂座時預留，招牌菜包括避風塘炒蟹、燒鴨湯河及艇仔粥，前者更可選擇不同辣度。座位不多，食客須到齊方能入座。。。
我想食粵菜，你有冇邊間推介呀？,你可以考慮吓蛇王熙，呢間餐廳蛇王熙由老店蛇王二的店長創立，選址同一街道，繼續為客人提供蛇羹、糯米飯、燒味等美食。蛇羹經過悉心改良，除了原有的雞肉、陳皮絲、木耳絲、冬菇絲等材料，更加入花膠和手切豬肉，並調整湯底的濃稠度，味道和口感均十分豐富。店內同時售賣各式臘味，其中脆皮鮮鴨膶腸特別值得一試。。。
我想食閩菜，你有冇邊間推介呀？,你可以考慮吓莆田，呢間餐廳2000年在新加坡開業，後擴展至香港，老闆以其家鄉福建內的城市為餐廳命名，堅守忠於原味、鮮味自然的原則，做出一道道佳餚。餐廳除了不時為主菜單添加新菜式，亦會按季節推出以蟶子、海蠣等時令海產製作的美食，保持新鮮感。推介菜式包括燜黃花魚、九轉小腸、炒芋頭，自家秘製的辣椒醬更是非試不可。。。
我想食粵菜，你有冇邊間推介呀？,你可以考慮吓香宮，呢間餐廳數十年來一直供應傳統粵菜，不乏捧場客之餘，還不時座無虛席。用餐區裝潢華麗古雅，在水晶吊燈與宋代風格油畫的點綴下，別具韻味。除了招牌菜錦繡星斑件及胡椒焗大肉蟹，亦推薦蘆筍木耳筍尖炒乳鴿脯，其肉質軟嫩，肉味香濃。餐牌上的選擇琳瑯滿目，若難以決定，不妨點選廚師招牌套餐，一次過品嘗多款廚師拿手菜式。。。
我想食餃子，你有冇邊間推介呀？,你可以考慮吓阿純山東餃子，呢間餐廳綠色木窗框和木製傢具帶傳統味道，很有老香港感覺。這裏供應多款傳統餃子，每天在店內以人手包製，並以新鮮食材作餡，其中最受歡迎的要數京葱羊肉餃，薺菜鮮肉餃也值得一試。此外，店家秘製數款青島海鮮餃，如墨魚餃和馬鮫魚餃，也給顧客帶來驚喜。餃子以外，山東手撕雞和家鄉餡餅也是招牌菜。。。
我想食順德菜，你有冇邊間推介呀？,你可以考慮吓頤東，呢間餐廳前旺角鳳城酒家於2019年因東主退休而結業，後由新老闆接手，並改名為「頤東」重新開業。餐廳內部經過翻新，用餐環境舒適。新東主沿用大部分舊有廚房班底，延續傳統順德菜手藝。招牌菜鴻運乳豬、炸子雞和蝦多士等依舊美味。大良炒鮮奶口感順滑、充滿奶香；順德魚肚羹則用料十足，充滿傳統風味。。。
我想食星馬菜，你有冇邊間推介呀？,你可以考慮吓古月，呢間餐廳地點比較隱蔽，從書局街進入方能到達。餐廳提供星、馬美食，牆上畫有富當地特色的卡通繪畫，趣味盎然。餐單貴精不貴多，當中多是香港少見，甚至首家供應的菜式。馬來西亞板麵配搭自製辣椒乾食用，非常惹味。另外，標榜不含味精、湯底以胡椒和生蒜製作的新加坡肉骨茶可以無限添飲，定能滿足客人胃口。。。
我想食街頭小吃，你有冇邊間推介呀？,你可以考慮吓奇趣餅家，呢間餐廳餅店面積不算大，但提供琳瑯滿目的傳統中式餅食，如雞仔餅、老婆餅、光酥餅、合桃酥及香蕉糕等。。。
我想食街頭小吃，你有冇邊間推介呀？,你可以考慮吓兩姊妹涼皮有限公司，呢間餐廳2023年底遷至旺角後，加設堂食座位，繼續提供多款川味小吃。招牌涼皮冰涼透心，配搭青瓜絲、芫荽、花生碎及秘制辣醋，香辣可口，更可自選辣度，愛花椒者不妨選擇多麻。脆辣蓮藕丁也大受歡迎。。。
我想食順德菜，你有冇邊間推介呀？,你可以考慮吓鳳城，呢間餐廳作為香港著名的順德菜館，仍保留傳統茶樓的龍鳳禮堂，吸引不少外地客人前來感受舊時風味。早午市供應點心和小菜，推薦皮脆肉嫩的招牌炸子雞，還有每次一出場就被搶空的沙翁，但只在週末供應。傳統菜式選擇豐富，而且分量十足，建議與親朋好友一同分享。部分菜式須預訂，不妨預早查詢。。。
我想食潮州菜，你有冇邊間推介呀？,你可以考慮吓潮樂園，呢間餐廳供應富有風味的潮州菜，牆壁以丁香、肉桂、南薑等滷水常用香料作畫，滿有趣味！其招牌滷水鵝片甚具水準，採獅頭鵝製作，鵝味濃郁，肉質嫩滑。另外，蠔仔粥、蠔餅，以及魚油豐富的凍魚亦屬必試之選。部分菜式須預訂，建議致電查詢。餐廳價格親民，人氣甚高，且面積不大，繁忙時段或需要拼桌。。。
我想食滬菜，你有冇邊間推介呀？,你可以考慮吓詠藜園，呢間餐廳楊氏家族早年於新蒲崗創立餐廳，後遷至現址，餐室採傳統中式風格，寬敞明亮，並設私人廂房。食物方面，提供多款價廉物美的川滬美食，招牌菜為四川擔擔麵，既提供傳統口味，還有加入肉碎的改良版本，兩者均可配辣或不辣的湯底。另外，水煮桂花魚選用原條鮮魚製作，適合多人共享，值得品嘗。。。
我想食泰國菜，你有冇邊間推介呀？,你可以考慮吓Saya，呢間餐廳裝潢採用湖水綠色背景，配搭藤製傢具和壁畫，帶有泰國風情。泰籍廚師團隊為客人帶來依善地區的傳統泰菜，例如泰北咖喱金麵、炭火鹽燒魚等。前者在咖喱中加入椰漿，配合炭烤雞肉，非常惹味。後者將全魚以鹽包覆，配搭香茅和斑蘭燒製，佐以生菜、米粉和秘製醬汁享用，風味十足。午市套餐經濟實惠。。。
我想食街頭小吃，你有冇邊間推介呀？,你可以考慮吓Joyful Dessert House。
我想食粵菜，你有冇邊間推介呀？,你可以考慮吓明閣，呢間餐廳餐室飾以各類青銅器皿，加上門外庫存豐富的玻璃酒窖，環境優美高雅。具二十多年入廚經驗的李師傅由開業效力至今，其招牌菜遠年陳皮和牛面頰、蜜汁叉燒及酥炸釀鮮蟹蓋等均不容錯過。點心以各地進口的食材炮製，例如蝦餃用上藍天使蝦，叫人耳目一新。嗜酒之人不妨請侍酒師協助挑選佳釀佐餐。。。
我想食街頭小吃，你有冇邊間推介呀？,你可以考慮吓麥記美食。
我想食日本菜，你有冇邊間推介呀？,你可以考慮吓竹家，呢間餐廳雖然隱藏在巷子裏，但鄰近港鐵站，交通便利。由居港多年的日籍主廚和妻子共同經營，以竹子為主題，提供種類繁多的串燒。從挑選食材到製作皆一絲不苟，所用的豬肉和雞隻均來自日本。幸運的話，更可嘗到雞血管、雞心臟等特別部位。備有多款日本酒，特別推介自家浸製的梅酒。但座位有限，建議訂座。。。
我想食粵菜，你有冇邊間推介呀？,你可以考慮吓蛇王良，呢間餐廳小店開業超過二十年，一年四季皆供應蛇羹，更設多款經濟實惠的套餐。招牌蛇羹除了雞絲、木耳絲等材料，曾修讀中醫課程的店東會因應氣候，以藥材配搭蛇肉，達到補而不燥的效果。此外提供多款蛇酒、龜板湯及滋補燉湯，以珍貴藥材入饌的燉湯須提前預訂。冬天更提供期間限定的羊腩和臘味糯米飯。。。
我想食街頭小吃，你有冇邊間推介呀？,你可以考慮吓魚事者，呢間餐廳提供以魚為主題的創新小食：以魚皮模仿墨西哥玉米片，配搭自製牛油果醬和番茄莎莎醬，味道豐富；泰式蝦頭油炸蝦球魚麵撈、炸魚無薯條充滿香氣；晚間才供應的魚米粒粒則製成意大利飯模樣，彈牙好吃。。。
我想食粵菜，你有冇邊間推介呀？,你可以考慮吓石記廚房，呢間餐廳裝修簡約舒適，於日間供應簡餐及炒粉麵；晚上則搖身一變，成為主打家庭式廣東小菜的菜館。老闆兼大廚每天親自前往街市選購新鮮食材，並不時更新菜單。香煎手打墨魚餅充滿嚼勁、味道鮮美，不容錯過。石記風沙雞同樣出色，但須提前一天預訂。另外每日均設精選小炒；冬季更供應美味又合時的煲仔飯。。。
我想食街頭小吃，你有冇邊間推介呀？,你可以考慮吓紅磡雞蛋仔，呢間餐廳開業超過四十年的老字號小店，供應價格親民的雞蛋仔、格仔餅等小吃，是街坊從小吃到大的回憶。雞蛋仔即叫即製，其中朱古力原味抹茶口味，一底包含三種味道，外脆內軟，用料十足。。。
我想食點心，你有冇邊間推介呀？,你可以考慮吓Lulu Baobao，呢間餐廳位於商廈之內，用餐空間寬敞，廚房設有大片玻璃，可以看到師傅製作拉麵和包點的過程。提供數款拉麵、點心和小菜，並設有套餐選擇。推薦「溫柔」蔥油拌麵，手工製麵條充滿嚼勁，配上恰到好處的蔥油，香氣十足。招牌小籠包手工精緻，內餡飽滿多汁，同樣值得一試。由於菜式現點現做，可能等候需時。。。
我想食麵食，你有冇邊間推介呀？,你可以考慮吓華姐清湯腩，呢間餐廳家庭式經營的小店，現由華姐大兒子主理，招待工作則由弟弟打點。他們每天均會用上逾百斤肉味香濃的本地新鮮牛腩，從早上起燜煮招牌牛腩；清湯底則以十多種香料秘製，每個工序都一絲不苟，難怪每天一開店就吸引了不少食客光顧。除了清湯牛坑腩，也不要錯過菜肉雲吞、腩汁蘿蔔及以白滷水浸上幾小時的醉雞。。。
我想食鐵板燒，你有冇邊間推介呀？,你可以考慮吓鑄·鐵板燒，呢間餐廳遷到現址後空間更為寬敞，設有大型鐵板桌及可容納多人的廂房。大部分食材均為當天空運到港，包括來自日本的海膽、活鮑魚及法國的藍龍蝦。萬勿錯過甘鯛魚配海膽忌廉汁：魚鱗炸至香脆，魚肉卻保持鮮嫩，十分可口。晚市提供品嘗菜單及廚師發辦套餐，午市則有較經濟實惠的套餐。亦設有配酒服務。。。
我想食街頭小吃，你有冇邊間推介呀？,你可以考慮吓生記滷味，呢間餐廳這潮州滷水店於1998年開業，選用來自潮州的穀飼獅頭鵝，陳年滷水則加了十數種香料，醇厚甘香。店家每日放入掌、翼、肝、腸、腎等部位慢火浸透入味。其中招牌鵝肉肉質緊緻，肉香十足。。。
我想食粵菜，你有冇邊間推介呀？,你可以考慮吓裕記，呢間餐廳於1958年開業的裕記現已交棒給第二代。從鄉村小店到現在的規模，仍保留着傳統食店風味。其招牌燒鵝是店東按家傳秘方以炭火烤製，味道獨特且酥香肉嫩。為確保貨源和品質，餐廳更於內地自設鵝場，並只選用廣東清遠的黑棕鵝。每天首批燒鵝於11:45出爐，早到埗的食客需稍候。此外，亦供應海鮮及特色小菜。。。
我想食粵菜，你有冇邊間推介呀？,你可以考慮吓大圍小館，呢間餐廳門外一串串紅燈籠、室內一户户桃木窗框和一幅幅屏風，與餐廳供應的傳統粵菜相映成趣。午市時段以供應點心為主，多款坊間少見的經典點心，如鴛鴦臘腸卷、香煎糯米雞等仍能在此品嘗得到。晚市供應的粵式小菜款式多、分量足，菜式名字趣緻，如麻甩吊桶仔，以新鮮雞隻烹調的雞餚值得一試。。。
我想食海鮮，你有冇邊間推介呀？,你可以考慮吓海德花園，呢間餐廳店東同時經營對面的明月海鮮檔，提供空運到港的生猛海鮮予客人選擇，挑選海鮮時不妨向店員查詢最佳烹調方法。師傅烹調海鮮的時間拿捏精準，如鮮甜爽脆的豉椒炒蟶子就火候十足；另推介每天鮮製、以大量鮮魚加入豆腐熬煮至少兩小時而成的淡水鮮魚湯。另外，炸茄子皇、咕嚕肉和腐竹洋薏米糖水也具水準。。。
我想食印尼菜，你有冇邊間推介呀？,你可以考慮吓好運印尼餐廳，呢間餐廳由印尼華僑開設，經營逾三十年，在區內極具人氣。翻新後的餐室充滿印尼風情，顯得年輕而富朝氣。菜單精簡，提供具代表性的印尼美食，真材實料地呈現爪哇中部菜式。除了碳火燒烤的招牌沙爹串，也推介龍東十五夜，糯米飯糰帶淡淡椰香，配上巴東牛肉等豐富配料，讓人回味。在特色飲品中，龍眼冰是不錯選擇。。。
我想食麵食，你有冇邊間推介呀？,你可以考慮吓好湯好麵，呢間餐廳店主善用其逾廿年的法菜經驗，融合西式和中式烹調手法，以優質食材設計出十二款湯麵。推介以多款海鮮和蔬菜炮製的海龍皇湯，口感順滑，海鮮味濃；「好頭好尾」製作費時，加入了牛骨湯和牛尾濃汁，配搭川式燜牛臉肉和法式燜牛尾，每天限量供應。麵食以外，雪葩使用新鮮水果製作，香甜味美，充滿驚喜。。。
我想食粵菜，你有冇邊間推介呀？,你可以考慮吓文苑飯莊，呢間餐廳雖位於隱蔽的屋苑商場內，但開業不久已憑着優質粵菜吸引眾多食客捧場。廚師和服務團隊濟濟一堂，均曾效力於其他知名同業。主打傳統粵菜，除了燒味、點心、海鮮，也提供蛇羹和煲仔飯等時令菜式。金牌小炒王選用特大蝦乾、櫻花蝦和蝦球等，口感豐富且鑊氣十足，適合配搭美酒享用。燒味宜提前預訂。。。
我想食滬菜，你有冇邊間推介呀？,你可以考慮吓一家，呢間餐廳室內設計採用復古風格，色彩鮮豔，加上霓虹燈裝飾，氣氛活潑，充滿新鮮感。菜單同時提供滬菜和川菜，當中包括七里莊酒糟醉雞、紅油抄手、水煮魚片等傳統美食，也有結合傳統和創新的菜式，例如即叫即製的高力芒果奶黃，以及多款名字有趣的特色飲品。午市、晚市均提供價格相宜的套餐。。。
我想食台灣菜，你有冇邊間推介呀？,你可以考慮吓台蔡滷肉飯，呢間餐廳來自台灣的老闆兼主廚，決心開店與客人分享家鄉風味。每日鮮製的招牌滷肉飯，手切豬腩肉肥瘦相間，作法偏向台灣北部風味，提供四種不同的配料組合，並可選配溫泉蛋或溏心蛋。同時供應經典麵食和夜市小吃，其中現點現炸的九層塔鹽酥雞，肉汁豐盈、皮脆肉嫩。店面小巧舒適，門前常見人龍，建議提早前往。。。
我想食麵食，你有冇邊間推介呀？,你可以考慮吓坤記竹昇麵，呢間餐廳店東秉承其家族在廣州的製麵方法，在工房經人手以傳統竹竿壓法每日新鮮打製，配方含大量雞蛋，並施以獨門的除鹼方法，製成的麵條彈牙爽口，啖啖蛋香全無鹼水味，配以自製的大地魚湯和蝦籽更是滋味無窮。推介鮮蝦雲吞麵和蝦籽蠔油撈麵。店家另有出售樽裝蝦籽、大地魚粉及竹昇蛋麵等。。。
我想食麵食，你有冇邊間推介呀？,你可以考慮吓劉森記麵家，呢間餐廳始創於1956年，此家族經營的麵店已傳至第三代。這分店與轉角位的總店長期人頭湧湧，質素不言而喻。竹昇麵及雲吞均在店內新鮮人手製造，雲吞包入原隻鮮蝦及豬肉，飽滿爽口。餐點選擇豐富，推薦雲吞麵、蝦籽撈麵及豬手撈麵，若難以取捨可作雙拼或三拼。餐桌上的自製醃蘿蔔爽脆美味，亦不可不試。。。
我想食街頭小吃，你有冇邊間推介呀？,你可以考慮吓文記車仔麵，呢間餐廳配料多樣的車仔麵，推介自製韭菜餃及瑞士雞中翼，另有蘿蔔、牛肚、豬手等配料任君選擇，佐以秘製辣汁同吃更添滋味。。。
我想食粵菜，你有冇邊間推介呀？,你可以考慮吓增煇藝廚，呢間餐廳除了來自各地的鮮美海鮮，各種鮮雞菜式亦是餐廳的得意之作。老闆曾經營雞隻生意，熟知優質貨源，對烹調雞隻亦得心應手。除了以新鮮龍崗雞清燉一小時而成的金瑤雲腿樂湯雞，亦有坊間較少見、以鮮雞內臟製作的菜餚，如珍肝上湯浸時蔬。部分鮮雞菜式即叫即做，甚或限量供應，宜提前預訂。。。
我想食街頭小吃，你有冇邊間推介呀？,你可以考慮吓合益泰小食，呢間餐廳供應魚蛋、豬皮及蘿蔔等港式小食，店內外均經常人頭湧湧。豬腸粉為店內招牌，軟滑而富米香，加上豬油的香氣，令人垂涎。。。
我想食街頭小吃，你有冇邊間推介呀？,你可以考慮吓深深甜品，呢間餐廳主打港式和台式糖水，風格懷舊。每天新鮮製作的椰子糊屬必試之選，椰香撲鼻，入口香滑濃郁。另外，紫米露配清心丸、腐竹馬蹄清心丸或地道台式甜品也值得一試。。。
我想食點心，你有冇邊間推介呀？,你可以考慮吓添好運，呢間餐廳這裏的二十多款精美點心全由廚師巧手製作，且價錢相宜，加上選址於人口稠密的住宅區內，受食客歡迎乃屬意料之中。由於不設訂座，要有排隊輪候和拼桌的準備。不可不試的點心包括蝦餃、酥皮焗叉燒包和陳皮牛肉球。店家每隔兩至三個月會轉換部分點心款式。。。
我想食街頭小吃，你有冇邊間推介呀？,你可以考慮吓公和荳品廠，呢間餐廳供應豆漿、豆腐花及煎釀豆腐、黃金魚腐等各類豆製品，產品皆來自自設工場，豆味濃郁，其中以豆腐花最為馳名。。。
我想食粵菜，你有冇邊間推介呀？,你可以考慮吓粤，呢間餐廳位於黃金海岸酒店的地面層，優雅舒適的室內環境，與落地玻璃窗外的園林景致巧妙地配合起來。選擇豐富的餐單提供傳統懷舊及較創新的粵菜，廚師精選菜式如龍皇杏汁花膠燉白肺和星洲蝦醬炸雞件等，值得一試。邊品嘗美味的廣式點心，邊欣賞宜人的園林美景，實在是賞心樂事。。。
我想食街頭小吃，你有冇邊間推介呀？,你可以考慮吓蘇記燉蛋，呢間餐廳只供應原味牛奶燉蛋白──以北海道牛乳和鮮蛋白燉製，呈薄膜狀的表面下為流心蛋白，嫩滑非常。設冷及熱兩種選擇，後者即點即燉，需耐心等待。。。
我想食海鮮，你有冇邊間推介呀？,你可以考慮吓容龍，呢間餐廳容龍在本區可謂赫赫有名，裝修後換上更時尚的佈置，新增更多私人廂房，滿足注重私人空間的食客，其中兩間更坐擁海畔美景。為數不少的客人會自攜海鮮加工，個別更不看主菜牌，直接從海鮮單上挑選食物。招牌菜包括芝士焗開邊龍蝦與砵酒焗生蠔；日間則有點心供應。。。
我想食燒味，你有冇邊間推介呀？,你可以考慮吓天鴻燒鵝，呢間餐廳餐廳於2001年開業，憑着味美的燒味和合理價格深受街坊愛戴。招牌燒鵝採用每天由佛山養殖場直送到店的黑棕鵝，分批即醃即燒，確保新鮮，高峰期每日售出近百隻。此外，蜜汁叉燒、燒鴨、花雕醉雞和滷水等亦值得一試；店家更出售自製的清熱五花茶。堂食座位有限，燒味售罄更會提早關門，宜提早前往。。。
我想食粵菜，你有冇邊間推介呀？,你可以考慮吓大榮華，呢間餐廳光顧大榮華是很多人長途跋涉來到元朗的主要原因。除了供應奶黃馬拉糕等點心，酒家還提供近百款圍村小菜及經典粵式名菜，如香茜燒米鴨、缽仔豬油頭抽撈飯及鹹水檸蒸烏頭，特別推介味濃而肉滑的圍頭五味雞。大廚亦會每月更新時令菜式。餐廳用上五彩繽紛的地氈、明亮的燈光和傳統裝飾，感覺煥然一新。。。
我想食海鮮，你有冇邊間推介呀？,你可以考慮吓全記海鮮，呢間餐廳老闆同時經營位於萬年街的同名餐廳，兩者相隔只有數分鐘步程。如欲觀賞宜人的海灣及離島景致，建議選擇位於碼頭邊且設有陽台的這一家。海鮮種類繁多，包括貝類、蝦蟹、墨魚等，可以自行選擇食材和各種烹調方法。如有需要，店員會介紹每款海鮮的最佳烹調法。特別推薦古法椒鹽鮑魚和椒鹽瀨尿蝦。。。
我想食麵食，你有冇邊間推介呀？,你可以考慮吓好到底，呢間餐廳於1946年開業，這家老字號麵家至今仍堅持於自設工場製麵。樓高兩層的店舖內是濃濃的懷舊氣息。雲吞非試不可；除了受食客歡迎的蝦籽撈麵和特製魚皮水餃，炸醬麵和牛腩麵同樣美味。若肚皮仍有空間，香甜的蝦籽蘿蔔亦值得細味！店主同時在市區設立多個銷售店，出售自製乾麵及蝦籽。。。
我想食海鮮，你有冇邊間推介呀？,你可以考慮吓六福菜館，呢間餐廳菜館藏身於西貢海鮮餐廳一帶的後街，佔地三層，門口未見一般海鮮餐館常設的大魚缸，僅以出色的烹調技巧吸引食客。以生猛海鮮炮製的小菜選料上乘，每一口都散發着鮮味。金湯魚蓉羹、椒鹽瀨尿蝦和鹽水蒸西貢魚仔是必吃菜式，傳統粵式小菜如椒鹽奇脆豆腐也值得一試。惟部分海鮮需預留，建議提早查詢。。。
我想食街頭小吃，你有冇邊間推介呀？,你可以考慮吓魚蛋佬，呢間餐廳主打魚蛋、燒賣、腸粉等地道小食，價格親民。招牌白魚蛋每日限量供應，以恰好比例混合多種海魚和麵粉製成，既爽口彈牙，又帶魚肉鮮味。建議以辣椒油佐吃，更為惹味。。。
我想食街頭小吃，你有冇邊間推介呀？,你可以考慮吓浩記甜品，呢間餐廳浩記屹立於旺角逾三十年，於2020年遷入現址，繼續提供價格相宜且具水準的傳統中式糖水，生磨芝麻糊、合桃糊、薑汁湯丸等一應俱全。。。
我想食粵菜，你有冇邊間推介呀？,你可以考慮吓福臨門，呢間餐廳開業七十多年，福臨門一直是城中具標誌性的酒家之一。能夠保持水準，全因秉承父輩烹調粵菜的傳統手法，再配合優質食材，例如每天進貨的海產，確保新鮮味美。無論是午市的粵式點心，或是各種傳統菜餚，均十分出色。特別推介招牌菜釀焗鮮蟹蓋、炸子雞。時令菜單全年供應，部分菜式需預訂，建議致電查詢。。。
我想食粵菜，你有冇邊間推介呀？,你可以考慮吓聚興家，呢間餐廳此店為許多影視名人和酒店大廚的飯堂，即使曾經擴充，仍然經常客滿，請務必訂座。翻開餐牌，可以看到各式各樣的廣東小炒，還有為嗜辣客人而設的精選川菜。推薦用新鮮文昌雞炮製的鹽焗雞，肉嫩皮爽，鹹香惹味，為免撲空，建議於訂座時預留。同時供應多款生猛海鮮，豉汁蒸白鱔、豉油皇大蝦、焗奄仔蟹等應有盡有。。。
我想食麵食，你有冇邊間推介呀？,你可以考慮吓英記麵家，呢間餐廳英記於1994年開業，憑着充滿住家風味的潮式和廣東麵食而深受歡迎，經常座無虛席。招牌牛腩以牛坑腩製作，每天晚上就開始燜煮，以滷水浸泡過夜後，開店前再燜煮，是以軟腍入味。叉燒選用肥瘦分佈均勻的脢頭肉和豬頸肉焗製，吃起來肉爽且多汁。此外，亦推薦淨牛腩、叉燒湯麵和炸雲吞。。。
我想食泰國菜，你有冇邊間推介呀？,你可以考慮吓泰館，呢間餐廳和泰麵隸屬同一老闆，共享同一英文店名，連裝潢風格也十分統一：懷舊海報、木製桌椅、從天花懸垂下來的綠色植物，充滿泰國風情。但這裏的菜單更加豐富，其中泰北咖喱使用十一種香料，每天經八小時烹調而成，配以雞蛋製作的麵條，香濃可口。甜品如街頭椰子雪糕、芒果糯米飯也十分出色。餐廳僅接受八人或以上的訂座。。。
我想食天婦羅，你有冇邊間推介呀？,你可以考慮吓一宝，呢間餐廳大廚兼東主是這家餐館的第五代傳人，時令的日本海產從大阪和東京豐洲市場空運抵達，放入輕純的紅花油中以明火烹調，並配上每天鮮製的醬汁佐吃。水準多年來始終如一，除因為規模不大有助保持穩定，亦因為大廚堅持親自烹調每件天婦羅。建議點選廚師套餐，可盡嘗最時令的食材。惟座位不多，須提前訂座。。。
我想食韓國菜，你有冇邊間推介呀？,你可以考慮吓Hansik Goo，呢間餐廳搬遷後空間大增，在現代設計中藏有韓式廚房和壁爐等傳統元素。店名有「家」的寓意，盼食客來此與親友分享美食。僅提供一款品嘗菜單及少量添加菜式，以具創意的烹調手法，介紹更廣泛的韓國飲食文化。招牌菜人蔘雞燴飯升級成新版本，鮮味大大提升。餐廳搜羅了眾多韓國酒款，並設有配搭菜餚的酒單。。。
